eps_range,model,seed,n_pairs,E_traj,E_cross,E_over,E_eq,n_cross,n_cross_fail,n_cross_spurious,n_traj,train_time_s,epochs_run,n_params
$\varepsilon = 0$ (exact),Direct MLP,0,120,1.1393082787129716e-06,,0.0022068470638121162,0.0019918082748519935,0,0,45,120,84.54503260785714,917,4481
$\varepsilon = 0$ (exact),Residual MLP,0,120,0.0,,0.0,2.552501832969271e-05,0,0,0,120,62.71740747289732,680,4481
"[0.01, 0.1]",Direct MLP,0,8,1.5193353551876562e-07,0.00261857406728494,0.0006440997711101848,0.00028741221238187675,4,0,0,8,84.54503260785714,917,4481
"[0.01, 0.1]",Residual MLP,0,8,2.5236126345385845e-10,0.00043673240695940585,1.6114544913348183e-05,2.093234150635226e-05,4,0,0,8,62.71740747289732,680,4481
"[0.1, 0.3]",Direct MLP,0,17,1.0382432440130891e-07,0.002401812000157897,0.0004183682810528859,0.00018529879239157106,9,0,0,17,84.54503260785714,917,4481
"[0.1, 0.3]",Residual MLP,0,17,5.016518955084456e-09,0.0002921107934934667,6.464638925018917e-05,2.175756517484943e-05,9,0,0,17,62.71740747289732,680,4481
"[0.3, 0.5]",Direct MLP,0,20,1.2697900654230187e-07,0.000905511711601655,0.0005283132358801179,0.00026858649494929663,9,0,0,20,84.54503260785714,917,4481
"[0.3, 0.5]",Residual MLP,0,20,1.4825669408376892e-08,0.00020735081527718647,0.00023550476687661526,0.00012780583060585383,9,0,0,20,62.71740747289732,680,4481
"[0.5, 1.0] (OOD)",Direct MLP,0,120,0.0021720280408013687,0.16764163926147752,0.04711477403330636,0.043458473620131374,37,1,0,120,84.54503260785714,917,4481
"[0.5, 1.0] (OOD)",Residual MLP,0,120,0.0002795793602100007,0.14717775181386422,0.011183251693103946,0.01410695834396806,37,1,0,120,62.71740747289732,680,4481
$\varepsilon = 0$ (exact),Direct MLP,1,120,1.1013214802962442e-06,,0.001560253468351581,0.0017757149174332262,0,0,45,120,76.4866554592736,882,4481
$\varepsilon = 0$ (exact),Residual MLP,1,120,0.0,,0.0,2.552501832969271e-05,0,0,0,120,106.16487968387082,1197,4481
"[0.01, 0.1]",Direct MLP,1,8,1.354087001886605e-07,0.009674238473551533,0.0005832182368763483,0.00042246177689517217,4,0,0,8,76.4866554592736,882,4481
"[0.01, 0.1]",Residual MLP,1,8,9.86196901124946e-11,0.00024228565792652756,1.5810055687320856e-05,2.1143259589462282e-05,4,0,0,8,106.16487968387082,1197,4481
"[0.1, 0.3]",Direct MLP,1,17,1.3524046694207971e-07,0.0024697551974284834,0.00021867487830412916,0.00015486012049601688,9,0,0,17,76.4866554592736,882,4481
"[0.1, 0.3]",Residual MLP,1,17,1.8240595276670305e-09,0.00023077826200972504,2.041102852552957e-05,1.6940457828465918e-05,9,0,0,17,106.16487968387082,1197,4481
"[0.3, 0.5]",Direct MLP,1,20,1.3353436049522424e-07,0.0012509301396726026,0.000589821726582862,0.0002489768787437896,9,0,0,20,76.4866554592736,882,4481
"[0.3, 0.5]",Residual MLP,1,20,5.35542324726144e-09,0.0001269665344376546,9.520550312377418e-05,5.191332798936133e-05,9,0,0,20,106.16487968387082,1197,4481
"[0.5, 1.0] (OOD)",Direct MLP,1,120,0.001011872693629234,0.026876757680073627,0.02593997026435983,0.030433404080575252,37,0,0,120,76.4866554592736,882,4481
"[0.5, 1.0] (OOD)",Residual MLP,1,120,0.0002494813203085133,0.14710955568489825,0.012166485528293632,0.013708370005655909,37,1,0,120,106.16487968387082,1197,4481
$\varepsilon = 0$ (exact),Direct MLP,2,120,4.393854377329882e-07,,0.0010654947179341004,0.000724559044490682,0,0,45,120,87.44222968490794,1023,4481
$\varepsilon = 0$ (exact),Residual MLP,2,120,0.0,,0.0,2.552501832969271e-05,0,0,0,120,85.83516018884256,944,4481
"[0.01, 0.1]",Direct MLP,2,8,7.089471298164972e-08,0.006874440317382935,0.00039095954306572755,0.00026657009568697987,4,0,0,8,87.44222968490794,1023,4481
"[0.01, 0.1]",Residual MLP,2,8,1.8657879226367195e-10,0.00018869653302250322,1.64244322822249e-05,2.4321216520739597e-05,4,0,0,8,85.83516018884256,944,4481
"[0.1, 0.3]",Direct MLP,2,17,6.552652026150651e-08,0.0017580000649116982,0.00031858412427843803,0.00011268996393826496,9,0,0,17,87.44222968490794,1023,4481
"[0.1, 0.3]",Residual MLP,2,17,1.926900287446773e-09,0.00016865510136356934,2.8631083515728198e-05,1.787729849465984e-05,9,0,0,17,85.83516018884256,944,4481
"[0.3, 0.5]",Direct MLP,2,20,8.793846947472677e-08,0.0007061657204374991,0.0006774990766635569,0.00017494107474265165,9,0,0,20,87.44222968490794,1023,4481
"[0.3, 0.5]",Residual MLP,2,20,5.53027604265681e-09,0.00023849469952076497,6.715858239437766e-05,6.838696516497933e-05,9,0,0,20,85.83516018884256,944,4481
"[0.5, 1.0] (OOD)",Direct MLP,2,120,0.00046136585529361424,0.008770995229405143,0.022637043948027295,0.020486507027953262,37,0,0,120,87.44222968490794,1023,4481
"[0.5, 1.0] (OOD)",Residual MLP,2,120,0.00016674738080977162,0.00932399330359332,0.009375530899917665,0.01274564423706064,37,0,0,120,85.83516018884256,944,4481
$\varepsilon = 0$ (exact),Direct MLP,3,120,1.0345636825251202e-06,,0.001744285473904736,0.00210218481505558,0,0,45,120,66.07709376327693,718,4481
$\varepsilon = 0$ (exact),Residual MLP,3,120,0.0,,0.0,2.552501832969271e-05,0,0,0,120,79.18740081368014,914,4481
"[0.01, 0.1]",Direct MLP,3,8,1.2502399098966574e-07,0.0075794302218080145,0.0003447072121979533,0.0005005110873216589,4,0,0,8,66.07709376327693,718,4481
"[0.01, 0.1]",Residual MLP,3,8,1.1509453424202371e-10,0.00016884977325204442,6.703366947968803e-06,1.398624338053156e-05,4,0,0,8,79.18740081368014,914,4481
"[0.1, 0.3]",Direct MLP,3,17,1.3258664931822701e-07,0.001404218372484895,0.0003586617626690704,0.00013426508340629763,9,0,0,17,66.07709376327693,718,4481
"[0.1, 0.3]",Residual MLP,3,17,2.5460669202750917e-09,0.00011605637556933353,4.668299525294592e-05,2.52536979280842e-05,9,0,0,17,79.18740081368014,914,4481
"[0.3, 0.5]",Direct MLP,3,20,1.3265560506400278e-07,0.000830339082952917,0.0007166711403526538,0.00021195514635270475,9,0,0,20,66.07709376327693,718,4481
"[0.3, 0.5]",Residual MLP,3,20,8.980650575979298e-09,8.892509103114145e-05,6.071194320996787e-05,0.00010254580943476199,9,0,0,20,79.18740081368014,914,4481
"[0.5, 1.0] (OOD)",Direct MLP,3,120,0.000572390346274844,0.15318381167337483,0.0146345570406209,0.02531830253422427,37,1,0,120,66.07709376327693,718,4481
"[0.5, 1.0] (OOD)",Residual MLP,3,120,0.0002631295843644151,0.14932649315131416,0.01408816632405833,0.013759441177228693,37,1,0,120,79.18740081368014,914,4481
$\varepsilon = 0$ (exact),Direct MLP,4,120,9.403500364206395e-07,,0.0014154789054658548,0.001996886497996127,0,0,45,120,61.386732439976186,702,4481
$\varepsilon = 0$ (exact),Residual MLP,4,120,0.0,,0.0,2.552501832969271e-05,0,0,0,120,100.74773591477424,1209,4481
"[0.01, 0.1]",Direct MLP,4,8,1.0218544114635239e-07,0.002862133255244065,0.00040231781726043914,0.0005066654500465728,4,0,0,8,61.386732439976186,702,4481
"[0.01, 0.1]",Residual MLP,4,8,1.4558230444286967e-10,0.00040168206357796277,1.4366575708024687e-05,2.9876994785210664e-05,4,0,0,8,100.74773591477424,1209,4481
"[0.1, 0.3]",Direct MLP,4,17,8.285973336084075e-08,0.0013892697159103187,0.00010297564495653124,0.00015087060605902553,9,0,0,17,61.386732439976186,702,4481
"[0.1, 0.3]",Residual MLP,4,17,2.9677627271574853e-09,0.00028946281256042594,4.3580729214692474e-05,2.913903079740213e-05,9,0,0,17,100.74773591477424,1209,4481
"[0.3, 0.5]",Direct MLP,4,20,1.1236242891615346e-07,0.001326485837278812,0.00036069723864050606,0.00015658859314815476,9,0,0,20,61.386732439976186,702,4481
"[0.3, 0.5]",Residual MLP,4,20,1.0095232890011556e-08,0.0002052619338756001,0.0001522513342703924,0.00012169320815244022,9,0,0,20,100.74773591477424,1209,4481
"[0.5, 1.0] (OOD)",Direct MLP,4,120,0.0003925353614997451,0.15431248809583697,0.017946475872152687,0.024765316956489314,37,1,0,120,61.386732439976186,702,4481
"[0.5, 1.0] (OOD)",Residual MLP,4,120,0.00018302918649676343,0.0033953762239073808,0.013890775775520187,0.014293699839969354,37,0,0,120,100.74773591477424,1209,4481
$\varepsilon = 0$ (exact),Direct MLP,5,120,9.448593893518614e-07,,0.0010314229879322004,0.000932743470501853,0,0,17,120,85.8506494089961,1029,4481
$\varepsilon = 0$ (exact),Residual MLP,5,120,0.0,,0.0,2.552501832969271e-05,0,0,0,120,77.72603545431048,858,4481
"[0.01, 0.1]",Direct MLP,5,8,2.1771397678716943e-07,0.005733399575163611,0.0004373818309204025,0.00038001413514193727,4,0,0,8,85.8506494089961,1029,4481
"[0.01, 0.1]",Residual MLP,5,8,2.2570444669060412e-10,0.00023075069805872372,1.917090873984617e-05,2.3592466871558138e-05,4,0,0,8,77.72603545431048,858,4481
"[0.1, 0.3]",Direct MLP,5,17,1.5361239210207947e-07,0.0037936823382701992,0.00015653110407762457,0.0003577227700326274,9,0,0,17,85.8506494089961,1029,4481
"[0.1, 0.3]",Residual MLP,5,17,2.5476915015691757e-09,0.00036676976131274415,2.572748927170638e-05,2.4648686309228065e-05,9,0,0,17,77.72603545431048,858,4481
"[0.3, 0.5]",Direct MLP,5,20,1.0688440995297416e-07,0.0013448545791443006,0.00037809541384861147,0.00016508521098123062,9,0,0,20,85.8506494089961,1029,4481
"[0.3, 0.5]",Residual MLP,5,20,8.883052934996967e-09,0.00034109277304840885,7.770552849389878e-05,8.514752958318494e-05,9,0,0,20,77.72603545431048,858,4481
"[0.5, 1.0] (OOD)",Direct MLP,5,120,0.0019995945124390156,0.17829567680488395,0.0565185984642846,0.03292304994145355,37,1,0,120,85.8506494089961,1029,4481
"[0.5, 1.0] (OOD)",Residual MLP,5,120,0.00018081756959797737,0.14059736851449833,0.00938442251408163,0.012533731872781867,37,1,0,120,77.72603545431048,858,4481
$\varepsilon = 0$ (exact),Direct MLP,6,120,1.5734406857112914e-06,,0.0011708501350607978,0.002247988049627249,0,0,45,120,54.857149036135525,631,4481
$\varepsilon = 0$ (exact),Residual MLP,6,120,0.0,,0.0,2.552501832969271e-05,0,0,0,120,89.83363474393263,1020,4481
"[0.01, 0.1]",Direct MLP,6,8,1.574995352011387e-07,0.0055551022726620936,0.00030586391019288284,0.0007120085055209724,4,0,0,8,54.857149036135525,631,4481
"[0.01, 0.1]",Residual MLP,6,8,6.420500201001866e-11,0.00021320145917175237,8.230421759097828e-06,1.4915678841070923e-05,4,0,0,8,89.83363474393263,1020,4481
"[0.1, 0.3]",Direct MLP,6,17,2.0766651584247238e-07,0.0024670534088559706,0.0003312910896400551,0.0001497032651634837,9,0,0,17,54.857149036135525,631,4481
"[0.1, 0.3]",Residual MLP,6,17,1.767365760511086e-09,0.0002086329293708722,2.8420169889699936e-05,1.7283797938299057e-05,9,0,0,17,89.83363474393263,1020,4481
"[0.3, 0.5]",Direct MLP,6,20,2.3390330598643003e-07,0.0009889479360092076,0.0008553252293494462,0.00041682359663781644,9,0,0,20,54.857149036135525,631,4481
"[0.3, 0.5]",Residual MLP,6,20,5.712944986594155e-09,0.000243762464034156,5.2387491676386676e-05,5.489551919299895e-05,9,0,0,20,89.83363474393263,1020,4481
"[0.5, 1.0] (OOD)",Direct MLP,6,120,0.0010800556407863635,0.030398976007993832,0.02881852430419219,0.03018886024654126,37,0,0,120,54.857149036135525,631,4481
"[0.5, 1.0] (OOD)",Residual MLP,6,120,0.00022401122079380534,0.00766430147949045,0.007239775136098022,0.014251201489347453,37,0,0,120,89.83363474393263,1020,4481
$\varepsilon = 0$ (exact),Direct MLP,7,120,9.895718711688064e-07,,0.0013215490003273286,0.0018749594694283695,0,0,41,120,111.28124518599361,1198,4481
$\varepsilon = 0$ (exact),Residual MLP,7,120,0.0,,0.0,2.552501832969271e-05,0,0,0,120,68.77535684686154,784,4481
"[0.01, 0.1]",Direct MLP,7,8,7.516837618124944e-08,0.0047543786715061875,0.000438569842308556,0.00018273754209413573,4,0,0,8,111.28124518599361,1198,4481
"[0.01, 0.1]",Residual MLP,7,8,1.8282452777759887e-10,0.00022828995940224472,8.515678595971687e-06,2.0370605345848558e-05,4,0,0,8,68.77535684686154,784,4481
"[0.1, 0.3]",Direct MLP,7,17,7.015317346792581e-08,0.000902302750593251,0.00033382394742188055,0.00024122020665854273,9,0,0,17,111.28124518599361,1198,4481
"[0.1, 0.3]",Residual MLP,7,17,3.029176082996259e-09,0.00029803689423337713,3.6060376864583184e-05,2.0634160009159283e-05,9,0,0,17,68.77535684686154,784,4481
"[0.3, 0.5]",Direct MLP,7,20,1.005200312180245e-07,0.0011086437818518381,0.0005360365803763645,0.00025882914541204284,9,0,0,20,111.28124518599361,1198,4481
"[0.3, 0.5]",Residual MLP,7,20,8.484443516945749e-09,0.00023245065385223295,0.0001465051869505185,6.771901172745177e-05,9,0,0,20,68.77535684686154,784,4481
"[0.5, 1.0] (OOD)",Direct MLP,7,120,0.0008614751779098654,0.14926292106561106,0.041966160213690706,0.02508088851381911,37,1,0,120,111.28124518599361,1198,4481
"[0.5, 1.0] (OOD)",Residual MLP,7,120,0.00011262895734872833,0.009114565818842107,0.007048665951611242,0.011176083825533008,37,0,0,120,68.77535684686154,784,4481
$\varepsilon = 0$ (exact),Direct MLP,8,120,1.2246313363449794e-06,,0.0014803853182405523,0.002151608905747532,0,0,45,120,61.74976427387446,662,4481
$\varepsilon = 0$ (exact),Residual MLP,8,120,0.0,,0.0,2.552501832969271e-05,0,0,0,120,84.43604158703238,967,4481
"[0.01, 0.1]",Direct MLP,8,8,1.49968260418977e-07,0.0062691062360840655,0.0005227072268397803,0.00042016634485630977,4,0,0,8,61.74976427387446,662,4481
"[0.01, 0.1]",Residual MLP,8,8,3.3255220362099795e-10,0.00021844700522608007,1.4723193418358926e-05,1.791643446458213e-05,4,0,0,8,84.43604158703238,967,4481
"[0.1, 0.3]",Direct MLP,8,17,1.455633449963661e-07,0.0014014314555905506,0.0005864629857752229,0.00018824487311868275,9,0,0,17,61.74976427387446,662,4481
"[0.1, 0.3]",Residual MLP,8,17,4.013599784549545e-09,0.00024286689163124776,2.6952791206105555e-05,1.4627348847978998e-05,9,0,0,17,84.43604158703238,967,4481
"[0.3, 0.5]",Direct MLP,8,20,1.7740663741501946e-07,0.0010999671612490986,0.0010048392766689896,0.00029135642835879103,9,0,0,20,61.74976427387446,662,4481
"[0.3, 0.5]",Residual MLP,8,20,7.937462532132776e-09,0.00012639832658283156,7.752689776595601e-05,5.8868610194962036e-05,9,0,0,20,84.43604158703238,967,4481
"[0.5, 1.0] (OOD)",Direct MLP,8,120,0.0012216841489420427,0.15990000676386762,0.018025378425362847,0.03828905122342649,37,1,0,120,61.74976427387446,662,4481
"[0.5, 1.0] (OOD)",Residual MLP,8,120,0.0002234998476225498,0.009172706405603415,0.007825692078602722,0.012602336896626537,37,0,0,120,84.43604158703238,967,4481
$\varepsilon = 0$ (exact),Direct MLP,9,120,9.450104658867534e-07,,0.0017956277418177892,0.002263522700878569,0,0,45,120,73.39657039986923,852,4481
$\varepsilon = 0$ (exact),Residual MLP,9,120,0.0,,0.0,2.552501832969271e-05,0,0,0,120,75.98790815286338,843,4481
"[0.01, 0.1]",Direct MLP,9,8,1.078573171401558e-07,0.004529972769429125,0.0005959037462006933,0.00029061927275489396,4,0,0,8,73.39657039986923,852,4481
"[0.01, 0.1]",Residual MLP,9,8,1.5382556298842183e-10,0.00022005326834134697,1.8164417088822882e-05,2.6286869232006183e-05,4,0,0,8,75.98790815286338,843,4481
"[0.1, 0.3]",Direct MLP,9,17,1.0536720754792428e-07,0.0018976246080035894,0.00041707803047965356,0.00016358072557156992,9,0,0,17,73.39657039986923,852,4481
"[0.1, 0.3]",Residual MLP,9,17,2.3964875212323523e-09,0.0001994180172899864,3.241266435461508e-05,2.5805619356226097e-05,9,0,0,17,75.98790815286338,843,4481
"[0.3, 0.5]",Direct MLP,9,20,1.016415712047121e-07,0.0009736736730756466,0.0004719352073951688,0.000194076835464585,9,0,0,20,73.39657039986923,852,4481
"[0.3, 0.5]",Residual MLP,9,20,7.031433683431036e-09,0.00025056169386101904,3.686626728887088e-05,2.2219273277135355e-05,9,0,0,20,75.98790815286338,843,4481
"[0.5, 1.0] (OOD)",Direct MLP,9,120,0.0012573274533420177,0.03955522530265373,0.0342172284658638,0.03042680788299865,37,0,1,120,73.39657039986923,852,4481
"[0.5, 1.0] (OOD)",Residual MLP,9,120,0.0001937349705812917,0.005913443126473695,0.008258042669667285,0.012935115992353568,37,0,0,120,75.98790815286338,843,4481
