model,seed,E_traj,E_cross,E_over,E_eq,n_cross,n_cross_fail,n_cross_spurious,n_traj,train_time_s,epochs_run,n_params,rtol,atol,solver,gp_kernel,gp_n_sub
"Neural ODE (standard: rtol=1e-06, atol=1e-08)",0,3.0296164821004463e-05,0.0290372504658113,0.0007081611263001,0.000759236020066,22,0,0,45,307.0233445512131,1500.0,4481,1e-06,1e-08,dopri5,,
"Residual Neural ODE (standard: rtol=1e-06, atol=1e-08)",0,1.2285383664251945e-06,0.0056869332712762,0.0001485718151152,0.0005216151583094,22,0,0,45,308.18351821321994,1500.0,4481,1e-06,1e-08,dopri5,,
"Neural ODE (standard: rtol=1e-06, atol=1e-08)",1,0.0006422991368368,0.1613687817874216,0.0148020396604052,0.0306235998761754,22,0,0,45,35.18677464593202,159.0,4481,1e-06,1e-08,dopri5,,
"Residual Neural ODE (standard: rtol=1e-06, atol=1e-08)",1,5.815614144916421e-07,0.0035983414963328,0.0001067370388609,0.0004819793940814,22,0,0,45,297.4247137606144,1500.0,4481,1e-06,1e-08,dopri5,,
"Neural ODE (standard: rtol=1e-06, atol=1e-08)",2,4.173988862084566e-05,0.0256334230251396,0.000801335107013,0.0012492300301108,22,0,0,45,305.10570110799745,1500.0,4481,1e-06,1e-08,dopri5,,
"Residual Neural ODE (standard: rtol=1e-06, atol=1e-08)",2,1.1442897600722677e-06,0.0057789806137468,0.000209507508025,0.0007910498141693,22,0,0,45,308.85891173407435,1500.0,4481,1e-06,1e-08,dopri5,,
"Neural ODE (standard: rtol=1e-06, atol=1e-08)",3,5.914378562454104e-06,0.0157516551310022,0.0002700426339369,0.000474922589078,22,0,0,45,301.10518759675324,1500.0,4481,1e-06,1e-08,dopri5,,
"Residual Neural ODE (standard: rtol=1e-06, atol=1e-08)",3,1.399738589793263e-06,0.0064964249705346,0.0001917108856427,0.0005606442797083,22,0,0,45,308.3636869220063,1500.0,4481,1e-06,1e-08,dopri5,,
"Neural ODE (standard: rtol=1e-06, atol=1e-08)",4,2.576076826393621e-05,0.0461462393162923,0.0004335214668423,0.0016116437091991,22,0,0,45,301.79946784395725,1500.0,4481,1e-06,1e-08,dopri5,,
"Residual Neural ODE (standard: rtol=1e-06, atol=1e-08)",4,9.90212929034037e-07,0.0048410959358309,0.0002336619591833,0.0008647392300664,22,0,0,45,306.05451301904395,1500.0,4481,1e-06,1e-08,dopri5,,
"Neural ODE (tight: rtol=1e-08, atol=1e-10)",0,3.029682789581233e-05,0.0290349907522073,0.0007082644410177,0.0007595380169328,22,0,0,45,614.9881353019737,1500.0,4481,1e-08,1e-10,dopri5,,
"Residual Neural ODE (tight: rtol=1e-08, atol=1e-10)",0,1.2286047169930751e-06,0.0056874740237733,0.0001486353934029,0.0005211913030577,22,0,0,45,605.9707168992609,1500.0,4481,1e-08,1e-10,dopri5,,
"Neural ODE (tight: rtol=1e-08, atol=1e-10)",1,0.0006422992242825,0.1613686395626354,0.0148020370113098,0.0306236449107959,22,0,0,45,71.09211712609977,159.0,4481,1e-08,1e-10,dopri5,,
"Residual Neural ODE (tight: rtol=1e-08, atol=1e-10)",1,5.816347737249984e-07,0.0035985418004395,0.0001068138626252,0.0004822919873296,22,0,0,45,587.8535786578432,1500.0,4481,1e-08,1e-10,dopri5,,
"Neural ODE (tight: rtol=1e-08, atol=1e-10)",2,4.1740942714256705e-05,0.025634646135354,0.0008015231927809,0.0012494022213068,22,0,0,45,604.6614446053281,1500.0,4481,1e-08,1e-10,dopri5,,
"Residual Neural ODE (tight: rtol=1e-08, atol=1e-10)",2,1.144322956967626e-06,0.0057789990986278,0.0002093935969261,0.0007909703413096,22,0,0,45,596.0837947600521,1500.0,4481,1e-08,1e-10,dopri5,,
"Neural ODE (tight: rtol=1e-08, atol=1e-10)",3,5.914359845899752e-06,0.0157514511746312,0.000270010844793,0.0004749172908874,22,0,0,45,594.2060452871956,1500.0,4481,1e-08,1e-10,dopri5,,
"Residual Neural ODE (tight: rtol=1e-08, atol=1e-10)",3,1.399730457246568e-06,0.0064953139745291,0.0001917850603117,0.0005610893277226,22,0,0,45,609.6023357263766,1500.0,4481,1e-08,1e-10,dopri5,,
"Neural ODE (tight: rtol=1e-08, atol=1e-10)",4,2.576130268639072e-05,0.0461438626831794,0.0004336645179898,0.0016116993402009,22,0,0,45,596.5648135798983,1500.0,4481,1e-08,1e-10,dopri5,,
"Residual Neural ODE (tight: rtol=1e-08, atol=1e-10)",4,9.902327988460707e-07,0.0048394590366709,0.0002335030134639,0.0008653935566113,22,0,0,45,596.9670440251939,1500.0,4481,1e-08,1e-10,dopri5,,
Gaussian process,0,2.458756503746671e-09,2.221697875606524e-05,1.2612264054912004e-05,1.2209175673280924e-05,22,0,0,45,180.52702688332647,,5,,,,"31.6**2 * RBF(length_scale=[1.37, 15.8, 0.343]) + WhiteKernel(noise_level=1e-10)",2000.0
Gaussian process,1,1.841325701835532e-09,3.4413960522173345e-05,2.6254588746348833e-05,1.3726156507064424e-05,22,0,0,45,221.4171719411388,,5,,,,"31.6**2 * RBF(length_scale=[1.11, 14.2, 0.295]) + WhiteKernel(noise_level=1e-10)",2000.0
Gaussian process,2,2.8113741916738596e-10,9.641767754170156e-05,1.0784314468429794e-05,3.6806421745680696e-05,22,0,0,45,168.49582412466407,,5,,,,"31.6**2 * RBF(length_scale=[1.04, 17.6, 0.305]) + WhiteKernel(noise_level=1e-10)",2000.0
Gaussian process,3,1.0325452665869003e-09,5.6052610784188625e-05,8.23862150256538e-06,1.5711359170649747e-05,22,0,0,45,173.73946237377822,,5,,,,"31.6**2 * RBF(length_scale=[1.42, 13.1, 0.305]) + WhiteKernel(noise_level=1e-10)",2000.0
Gaussian process,4,8.21774727078376e-09,6.0433672813255754e-05,4.3763192538668095e-05,1.2746097638302896e-05,22,0,0,45,201.43274965509772,,5,,,,"31.6**2 * RBF(length_scale=[1.4, 15, 0.264]) + WhiteKernel(noise_level=1e-10)",2000.0
Gaussian process,5,1.0563867761393874e-09,3.6798384180795265e-05,2.944440782307723e-05,2.3032813480754972e-05,22,0,0,45,154.01727638952434,,5,,,,"31.6**2 * RBF(length_scale=[1.13, 15.6, 0.29]) + WhiteKernel(noise_level=1e-10)",2000.0
Gaussian process,6,1.641369837485253e-09,3.0520351684936644e-05,1.3696036901449877e-05,1.185730883846128e-05,22,0,0,45,107.80917184147984,,5,,,,"31.6**2 * RBF(length_scale=[1.29, 15.2, 0.322]) + WhiteKernel(noise_level=1e-10)",2000.0
Gaussian process,7,1.5705279798414051e-09,2.205961834388282e-05,1.171882301301213e-05,1.1209199675136598e-05,22,0,0,45,170.72248958051205,,5,,,,"31.6**2 * RBF(length_scale=[1.2, 15.6, 0.331]) + WhiteKernel(noise_level=1e-10)",2000.0
Gaussian process,8,1.4163684045947668e-08,3.9255368870871385e-05,8.603141429514634e-06,1.2188206367186932e-05,22,0,0,45,176.4116543950513,,5,,,,"31.6**2 * RBF(length_scale=[1.18, 12.7, 0.414]) + WhiteKernel(noise_level=1e-10)",2000.0
Gaussian process,9,9.240786212842091e-10,2.583697250901717e-05,8.82857923779253e-06,1.0704767649441195e-05,22,0,0,45,161.65462445188314,,5,,,,"31.6**2 * RBF(length_scale=[1.26, 14.3, 0.356]) + WhiteKernel(noise_level=1e-10)",2000.0
Direct MLP,0,1.2266796218696478e-07,0.0018291004397716,0.0005073592916501,0.0002404673177474,22,0,0,45,87.67206463869661,917.0,4481,,,,,
Residual MLP (proposed),0,8.529180217717487e-09,0.0002837310957624,0.0001319555866993,6.874345239285477e-05,22,0,0,45,61.77230640826747,680.0,4481,,,,,
Direct MLP,1,1.345119958283903e-07,0.0032810509967325,0.0004484363092293,0.0002442642827444,22,0,0,45,83.24629259109497,882.0,4481,,,,,
Residual MLP (proposed),1,3.086809637308809e-09,0.000190402081806,5.283504841539314e-05,3.323113357053388e-05,22,0,0,45,110.85367786698043,1197.0,4481,,,,,
Direct MLP,2,7.644180064358518e-08,0.0022579660608033,0.0004909690540676,0.0001677112158546,22,0,0,45,93.65162972174583,1023.0,4481,,,,,
Residual MLP (proposed),2,3.219010136466721e-09,0.0002008697427295,4.358438784883351e-05,4.14716139567438e-05,22,0,0,45,83.71417102217674,944.0,4481,,,,,
Direct MLP,3,1.3127292052099796e-07,0.0022922153630078,0.0005152945044432,0.0002339052650792,22,0,0,45,67.31018529692665,718.0,4481,,,,,
Residual MLP (proposed),3,4.9737090650311095e-09,0.0001145560132914,4.581059437300558e-05,5.7602696844780455e-05,22,0,0,45,81.81963846413419,914.0,4481,,,,,
Direct MLP,4,9.940770891786553e-08,0.0016313787727126,0.00027073496167,0.000216664566391,22,0,0,45,62.835896770935506,702.0,4481,,,,,
Residual MLP (proposed),4,5.63380615982266e-09,0.000275420498738,8.668526863392244e-05,7.040541228921072e-05,22,0,0,45,102.4049657941796,1209.0,4481,,,,,
Direct MLP,5,1.442404811461466e-07,0.0031445650253356,0.0003049316365522,0.0002760685544177,22,0,0,45,95.05255852593108,1029.0,4481,,,,,
Residual MLP (proposed),5,4.950609854355671e-09,0.0003315348000675,4.766314416701809e-05,5.134935717124003e-05,22,0,0,45,81.27209684532136,858.0,4481,,,,,
Direct MLP,6,2.104087102487701e-07,0.0024238373270197,0.0005596743322199,0.0003683892206048,22,0,0,45,58.70487095369026,631.0,4481,,,,,
Residual MLP (proposed),6,3.2181723995510227e-09,0.0002238347444241,3.548303972099968e-05,3.357910417377911e-05,22,0,0,45,89.80298119690269,1020.0,4481,,,,,
Direct MLP,7,8.454119252013896e-08,0.0016870924308195,0.0004423172891033,0.0002386490514594,22,0,0,45,110.97952735284343,1198.0,4481,,,,,
Residual MLP (proposed),7,4.9477214204305095e-09,0.0002585248986536,8.025010584581753e-05,4.151388108540506e-05,22,0,0,45,72.99500757735223,784.0,4481,,,,,
Direct MLP,8,1.604989865264225e-07,0.0021631369316315,0.0007610745109179,0.0002753022828117,22,0,0,45,59.77753844484687,662.0,4481,,,,,
Residual MLP (proposed),8,5.103130454163128e-09,0.0001907806811286,4.725597177750945e-05,3.487486206250858e-05,22,0,0,45,89.10517208278179,967.0,4481,,,,,
Direct MLP,9,1.041541777759447e-07,0.0019982534367013,0.0004732541248512,0.000199719182801,22,0,0,45,77.67616326687858,852.0,4481,,,,,
Residual MLP (proposed),9,4.0577681025435055e-09,0.0002240922942602,3.185897143221064e-05,2.4297261751968537e-05,22,0,0,45,78.98206475237384,843.0,4481,,,,,
