model,seed,E_traj,E_cross,E_over,E_eq,n_cross,n_cross_fail,n_cross_spurious,n_traj,train_time_s
Linear regression,0,0.01610789770111777,4.338440845216873,0.28315019132707314,0.07001750056472734,34,34,0,90,0.04045638628304005
Polynomial regression,0,0.003470822217455858,1.6672622646419502,0.13780259592448035,0.07310595761391799,34,9,0,90,0.1202651159837842
Direct MLP surrogate,0,2.1345826113132928e-07,0.002546402235299453,0.0008539493579096632,0.00021616141988244723,34,0,0,90,27.8843956659548
Direct MLP surrogate,1,1.4724337750655732e-07,0.0026266052650885763,0.0004967743119851425,0.00018191180480782413,34,0,0,90,32.62778493575752
Direct MLP surrogate,2,1.0398747168222928e-07,0.0012724948635573937,0.0005153926717352572,0.00024960010974343206,34,0,0,90,35.545666145160794
Direct MLP surrogate,3,2.0328175538198893e-07,0.002236297668380949,0.0007578261979245197,0.0004409717816467509,34,0,0,90,34.10004239389673
Direct MLP surrogate,4,1.6532513640453544e-07,0.002035700280016853,0.0005051669533360595,0.00036168567528040493,34,0,0,90,29.583225798327476
Direct MLP surrogate,5,1.5407169048909632e-07,0.0013913210711396801,0.0005395235980739902,0.0004003789928503328,34,0,0,90,48.27606154792011
Direct MLP surrogate,6,1.781107495658751e-07,0.0029626917023995547,0.00039251573102435283,0.0003062413575326057,34,0,0,90,41.41160099906847
Direct MLP surrogate,7,1.7762090525080436e-07,0.001493051801929773,0.00047971168338146124,0.0004850532060807532,34,0,0,90,34.65736489882693
Direct MLP surrogate,8,1.5758843444334468e-07,0.0022432788457337517,0.0004711994271510737,0.00022998612792845603,34,0,0,90,39.74508990999311
Direct MLP surrogate,9,1.1575586585211178e-07,0.0020186184870935884,0.0005476031970026613,0.00020186536044321092,34,0,0,90,47.17056238697842
