kappa,baseline_rmse,model,seed,E_traj,E_cross,E_over,E_eq,n_cross,n_cross_fail,n_cross_spurious,n_traj,train_time_s,epochs_run,n_params
0.5,0.09629678646774435,Direct MLP,0,1.2266796218696475e-07,0.001829100439771624,0.0005073592916501211,0.0002404673177474158,22,0,0,45,80.00899178534746,917,4481
0.5,0.09629678646774435,Direct MLP + $u^{\kappa}_{\mathrm{OU}}$ input,0,1.7607456018706486e-07,0.0024350034993551703,0.0005901506816262447,0.000511099841390012,22,0,0,45,85.52099835593253,931,4545
0.5,0.09629678646774435,Residual MLP,0,0.00011104942203647268,0.07205872521512055,0.008920206825958621,0.005817000575385414,22,0,0,45,81.18571739364415,903,4481
0.5,0.09629678646774435,Direct MLP,1,1.3451199582839027e-07,0.0032810509967325413,0.00044843630922938675,0.0002442642827444737,22,0,0,45,74.9744930183515,882,4481
0.5,0.09629678646774435,Direct MLP + $u^{\kappa}_{\mathrm{OU}}$ input,1,2.3379684256011088e-07,0.003466615233327591,0.0009377004837179885,0.0003345019389423825,22,0,0,45,97.07976181525737,1071,4545
0.5,0.09629678646774435,Residual MLP,1,5.69508804357082e-05,0.03639771521728046,0.005740991263174333,0.0018015513282733813,22,0,0,45,47.492073407862335,513,4481
0.5,0.09629678646774435,Direct MLP,2,7.644180064358517e-08,0.002257966060803387,0.0004909690540676988,0.0001677112158546971,22,0,0,45,93.70527932886034,1023,4481
0.5,0.09629678646774435,Direct MLP + $u^{\kappa}_{\mathrm{OU}}$ input,2,1.6514594363916979e-07,0.001648246596171297,0.0005425207330914598,0.00027602825722258865,22,0,0,45,83.08330440195277,927,4545
0.5,0.09629678646774435,Residual MLP,2,6.239385539797628e-05,0.024366722856842913,0.008155382478465941,0.004938785842728831,22,0,0,45,58.78760691918433,649,4481
0.5,0.09629678646774435,Direct MLP,3,1.3127292052099794e-07,0.002292215363007835,0.0005152945044432706,0.0002339052650792459,22,0,0,45,63.4778919192031,718,4481
0.5,0.09629678646774435,Direct MLP + $u^{\kappa}_{\mathrm{OU}}$ input,3,3.8514806018056655e-07,0.0028328921394790195,0.0013048438910615258,0.00042968205945762683,22,0,0,45,66.48057608306408,714,4545
0.5,0.09629678646774435,Residual MLP,3,5.201486812404156e-05,0.020799704204257783,0.004762248910693204,0.0030039522206295813,22,0,0,45,57.206747671123594,620,4481
0.5,0.09629678646774435,Direct MLP,4,9.940770891786552e-08,0.0016313787727126562,0.00027073496167009876,0.00021666456639104245,22,0,0,45,62.95609784219414,702,4481
0.5,0.09629678646774435,Direct MLP + $u^{\kappa}_{\mathrm{OU}}$ input,4,2.3941151067838103e-07,0.00242170986991635,0.0006673852527333669,0.00034039844553447455,22,0,0,45,93.51983369188383,984,4545
0.5,0.09629678646774435,Residual MLP,4,0.00012704064718783704,0.0580071582672932,0.006827734989406636,0.004119137989568018,22,0,0,45,64.31602604873478,693,4481
0.5,0.09629678646774435,Direct MLP,5,1.442404811461466e-07,0.0031445650253356795,0.0003049316365522081,0.00027606855441774964,22,0,0,45,94.88895565457642,1029,4481
0.5,0.09629678646774435,Direct MLP + $u^{\kappa}_{\mathrm{OU}}$ input,5,1.9656443587331125e-07,0.002587394560749454,0.0008674062123262556,0.0003544941171572743,22,0,0,45,110.57364119263366,1188,4545
0.5,0.09629678646774435,Residual MLP,5,8.723635159808821e-05,0.05659040855918441,0.0057102125667063755,0.003654454459485206,22,0,0,45,52.519178207963705,579,4481
0.5,0.09629678646774435,Direct MLP,6,2.1040871024877008e-07,0.002423837327019772,0.0005596743322199356,0.0003683892206048749,22,0,0,45,57.87608070811257,631,4481
0.5,0.09629678646774435,Direct MLP + $u^{\kappa}_{\mathrm{OU}}$ input,6,2.944641532037663e-07,0.0018623068124132476,0.0008389879068201791,0.0005161152459086142,22,0,0,45,66.30835258075967,729,4545
0.5,0.09629678646774435,Residual MLP,6,0.0001152610874878543,0.03668227454846416,0.014576298212000655,0.005556412092183506,22,0,0,45,23.50651866523549,260,4481
0.5,0.09629678646774435,Direct MLP,7,8.454119252013896e-08,0.0016870924308195706,0.0004423172891033703,0.00023864905145940776,22,0,0,45,111.5060987486504,1198,4481
0.5,0.09629678646774435,Direct MLP + $u^{\kappa}_{\mathrm{OU}}$ input,7,4.162123820713162e-07,0.0032561117639238147,0.001094925543427161,0.0004962543648590944,22,0,0,45,63.86489683529362,692,4545
0.5,0.09629678646774435,Residual MLP,7,6.934379244304745e-05,0.030412752777627897,0.010929169954419891,0.006525519585325476,22,0,0,45,64.22321371827275,710,4481
0.5,0.09629678646774435,Direct MLP,8,1.604989865264225e-07,0.0021631369316315045,0.0007610745109179757,0.00027530228281173524,22,0,0,45,61.43014967115596,662,4481
0.5,0.09629678646774435,Direct MLP + $u^{\kappa}_{\mathrm{OU}}$ input,8,1.732989312947432e-07,0.0018530333105967877,0.000602821018459343,0.0003862396494780127,22,0,0,45,99.01390500133857,1088,4545
0.5,0.09629678646774435,Residual MLP,8,3.252005715347752e-05,0.028925162798544114,0.005687018285159759,0.002752081312546522,22,0,0,45,40.840168501250446,468,4481
0.5,0.09629678646774435,Direct MLP,9,1.041541777759447e-07,0.0019982534367013467,0.000473254124851256,0.00019971918280105644,22,0,0,45,76.50300500914454,852,4481
0.5,0.09629678646774435,Direct MLP + $u^{\kappa}_{\mathrm{OU}}$ input,9,1.4994696367846395e-07,0.001977984623784379,0.0007589853494047628,0.0003125418626853005,22,0,0,45,74.47968715475872,814,4545
0.5,0.09629678646774435,Residual MLP,9,5.4358045943794596e-05,0.0397809296708211,0.010418495281623155,0.00373290634002053,22,0,0,45,64.31176405912265,701,4481
0.8,0.02780187308241248,Direct MLP,0,1.2266796218696475e-07,0.001829100439771624,0.0005073592916501211,0.0002404673177474158,22,0,0,45,83.86250732606277,917,4481
0.8,0.02780187308241248,Direct MLP + $u^{\kappa}_{\mathrm{OU}}$ input,0,1.5138599610518496e-07,0.00224895941678394,0.0006912221631137645,0.00024696475878191275,22,0,0,45,80.59059449378401,871,4545
0.8,0.02780187308241248,Residual MLP,0,8.688288101233895e-06,0.010757249268498475,0.002887892392601405,0.0014686685942378456,22,0,0,45,65.3876505238004,711,4481
0.8,0.02780187308241248,Direct MLP,1,1.3451199582839027e-07,0.0032810509967325413,0.00044843630922938675,0.0002442642827444737,22,0,0,45,77.44284273404628,882,4481
0.8,0.02780187308241248,Direct MLP + $u^{\kappa}_{\mathrm{OU}}$ input,1,2.1678746506711522e-07,0.0028813283389312254,0.0007945820510480712,0.0003404372889269326,22,0,0,45,105.23267899779603,1146,4545
0.8,0.02780187308241248,Residual MLP,1,3.830405361561985e-06,0.0067066400663080335,0.0016653705839851905,0.0005790795376456931,22,0,0,45,54.42977955006063,616,4481
0.8,0.02780187308241248,Direct MLP,2,7.644180064358517e-08,0.002257966060803387,0.0004909690540676988,0.0001677112158546971,22,0,0,45,94.01359491003677,1023,4481
0.8,0.02780187308241248,Direct MLP + $u^{\kappa}_{\mathrm{OU}}$ input,2,1.9142924152458173e-07,0.002186332345972875,0.0006935616394098442,0.0003162847567843426,22,0,0,45,69.04493450280279,776,4545
0.8,0.02780187308241248,Residual MLP,2,1.053325765962454e-05,0.007752700870804994,0.002263949836595453,0.0020695860969756137,22,0,0,45,75.98333255434409,834,4481
0.8,0.02780187308241248,Direct MLP,3,1.3127292052099794e-07,0.002292215363007835,0.0005152945044432706,0.0002339052650792459,22,0,0,45,63.29945208178833,718,4481
0.8,0.02780187308241248,Direct MLP + $u^{\kappa}_{\mathrm{OU}}$ input,3,1.7563487704893153e-07,0.002681017916009197,0.0009021821917978537,0.00045338757546898006,22,0,0,45,126.75897503178567,1365,4545
0.8,0.02780187308241248,Residual MLP,3,1.5082416253469148e-05,0.01885467764064191,0.004798089116767142,0.001126401528938888,22,0,0,45,50.39911162201315,561,4481
0.8,0.02780187308241248,Direct MLP,4,9.940770891786552e-08,0.0016313787727126562,0.00027073496167009876,0.00021666456639104245,22,0,0,45,65.08528756303713,702,4481
0.8,0.02780187308241248,Direct MLP + $u^{\kappa}_{\mathrm{OU}}$ input,4,4.2323233017178796e-07,0.0028682588188846713,0.0014449872880839887,0.0003443608333358414,22,0,0,45,54.46372662112117,589,4545
0.8,0.02780187308241248,Residual MLP,4,1.6466835291295727e-05,0.02038762918339365,0.0029892515954249898,0.0011667225758682312,22,0,0,45,98.69148592185229,1063,4481
0.8,0.02780187308241248,Direct MLP,5,1.442404811461466e-07,0.0031445650253356795,0.0003049316365522081,0.00027606855441774964,22,0,0,45,92.15404171822593,1029,4481
0.8,0.02780187308241248,Direct MLP + $u^{\kappa}_{\mathrm{OU}}$ input,5,1.7689276400580163e-07,0.0012244960500377572,0.0006384503008748106,0.00027121344756308514,22,0,0,45,96.33070343686268,1046,4545
0.8,0.02780187308241248,Residual MLP,5,9.752059092837546e-06,0.010169135142575333,0.0026340295404082043,0.0011472921855895891,22,0,0,45,52.26702948100865,579,4481
0.8,0.02780187308241248,Direct MLP,6,2.1040871024877008e-07,0.002423837327019772,0.0005596743322199356,0.0003683892206048749,22,0,0,45,57.32731925882399,631,4481
0.8,0.02780187308241248,Direct MLP + $u^{\kappa}_{\mathrm{OU}}$ input,6,2.6799210791809687e-07,0.0031390156996610446,0.0013640357011601909,0.00040096575126538327,22,0,0,45,83.13486554799601,914,4545
0.8,0.02780187308241248,Residual MLP,6,1.2778268042675294e-05,0.014563710526442904,0.005222174190512825,0.002191801669883701,22,0,0,45,64.34264102531597,705,4481
0.8,0.02780187308241248,Direct MLP,7,8.454119252013896e-08,0.0016870924308195706,0.0004423172891033703,0.00023864905145940776,22,0,0,45,104.18553099222481,1198,4481
0.8,0.02780187308241248,Direct MLP + $u^{\kappa}_{\mathrm{OU}}$ input,7,2.234245492084455e-07,0.002947017298776117,0.0008945857447786951,0.0003436134731603177,22,0,0,45,109.7699782429263,1199,4545
0.8,0.02780187308241248,Residual MLP,7,5.788817537565632e-06,0.008660840844039801,0.003816963155241949,0.0020599164956162713,22,0,0,45,76.68089702306315,829,4481
0.8,0.02780187308241248,Direct MLP,8,1.604989865264225e-07,0.0021631369316315045,0.0007610745109179757,0.00027530228281173524,22,0,0,45,60.58654619427398,662,4481
0.8,0.02780187308241248,Direct MLP + $u^{\kappa}_{\mathrm{OU}}$ input,8,2.2835088786761486e-07,0.002225091426909404,0.0006677733017100667,0.00024730611413614274,22,0,0,45,94.01296406472102,1027,4545
0.8,0.02780187308241248,Residual MLP,8,8.739761714258499e-06,0.012797833387611124,0.0020973612578473067,0.001204171736666806,22,0,0,45,59.32644270872697,634,4481
0.8,0.02780187308241248,Direct MLP,9,1.041541777759447e-07,0.0019982534367013467,0.000473254124851256,0.00019971918280105644,22,0,0,45,75.79374345717952,852,4481
0.8,0.02780187308241248,Direct MLP + $u^{\kappa}_{\mathrm{OU}}$ input,9,1.5270894141158053e-07,0.0026598595522110244,0.0006898379989326347,0.0002452194129320616,22,0,0,45,80.93603495694697,880,4545
0.8,0.02780187308241248,Residual MLP,9,1.792505613946772e-05,0.009692711579819753,0.006979782545472811,0.0023737799932258825,22,0,0,45,60.449393938761204,658,4481
1.0,0.0,Direct MLP,0,1.2266796218696475e-07,0.001829100439771624,0.0005073592916501211,0.0002404673177474158,22,0,0,45,85.82476841611788,917,4481
1.0,0.0,Direct MLP + $u^{\kappa}_{\mathrm{OU}}$ input,0,1.6159018775434268e-07,0.0023820680662345714,0.0005219619707762696,0.0002783821715199617,22,0,0,45,91.70506600383669,1043,4545
1.0,0.0,Residual MLP,0,8.529180217717487e-09,0.0002837310957624319,0.0001319555866993986,6.874345239285477e-05,22,0,0,45,61.30494540696964,680,4481
1.0,0.0,Direct MLP,1,1.3451199582839027e-07,0.0032810509967325413,0.00044843630922938675,0.0002442642827444737,22,0,0,45,78.83635974116623,882,4481
1.0,0.0,Direct MLP + $u^{\kappa}_{\mathrm{OU}}$ input,1,1.7224505844415233e-07,0.0020767794106349674,0.0007125430255093453,0.0003706282111846932,22,0,0,45,110.07289798278362,1175,4545
1.0,0.0,Residual MLP,1,3.086809637308809e-09,0.00019040208180602395,5.283504841539314e-05,3.323113357053388e-05,22,0,0,45,105.58441913640127,1197,4481
1.0,0.0,Direct MLP,2,7.644180064358517e-08,0.002257966060803387,0.0004909690540676988,0.0001677112158546971,22,0,0,45,94.43655628198758,1023,4481
1.0,0.0,Direct MLP + $u^{\kappa}_{\mathrm{OU}}$ input,2,2.1154973202320904e-07,0.00228550466464978,0.0010925596928174643,0.00033337666202775117,22,0,0,45,74.19435418210924,815,4545
1.0,0.0,Residual MLP,2,3.219010136466721e-09,0.00020086974272950098,4.358438784883351e-05,4.14716139567438e-05,22,0,0,45,87.32343592587858,944,4481
1.0,0.0,Direct MLP,3,1.3127292052099794e-07,0.002292215363007835,0.0005152945044432706,0.0002339052650792459,22,0,0,45,63.6039077588357,718,4481
1.0,0.0,Direct MLP + $u^{\kappa}_{\mathrm{OU}}$ input,3,1.7732290069074302e-07,0.0014324021438929947,0.000750743719320774,0.00035751761584877054,22,0,0,45,82.38161142822355,878,4545
1.0,0.0,Residual MLP,3,4.973709065031109e-09,0.00011455601329147512,4.581059437300558e-05,5.7602696844780455e-05,22,0,0,45,80.77896361611784,914,4481
1.0,0.0,Direct MLP,4,9.940770891786552e-08,0.0016313787727126562,0.00027073496167009876,0.00021666456639104245,22,0,0,45,64.73724923469126,702,4481
1.0,0.0,Direct MLP + $u^{\kappa}_{\mathrm{OU}}$ input,4,1.9140639195487486e-07,0.002830608949111546,0.0008095684507575868,0.00031313060238839324,22,0,0,45,85.68461395706981,956,4545
1.0,0.0,Residual MLP,4,5.63380615982266e-09,0.0002754204987380039,8.668526863392244e-05,7.040541228921072e-05,22,0,0,45,109.75475605996326,1209,4481
1.0,0.0,Direct MLP,5,1.442404811461466e-07,0.0031445650253356795,0.0003049316365522081,0.00027606855441774964,22,0,0,45,94.51627227431163,1029,4481
1.0,0.0,Direct MLP + $u^{\kappa}_{\mathrm{OU}}$ input,5,1.4190106549855154e-07,0.0019605813679130822,0.0006685250930738413,0.0002503346982852397,22,0,0,45,92.71498503303155,1004,4545
1.0,0.0,Residual MLP,5,4.950609854355671e-09,0.0003315348000675124,4.766314416701809e-05,5.134935717124003e-05,22,0,0,45,78.60383655922487,858,4481
1.0,0.0,Direct MLP,6,2.1040871024877008e-07,0.002423837327019772,0.0005596743322199356,0.0003683892206048749,22,0,0,45,56.11417658533901,631,4481
1.0,0.0,Direct MLP + $u^{\kappa}_{\mathrm{OU}}$ input,6,1.2427638537410527e-07,0.0020115000766719403,0.0007311234462401907,0.00020597583179111153,22,0,0,45,87.91482919221744,949,4545
1.0,0.0,Residual MLP,6,3.2181723995510227e-09,0.00022383474442419377,3.548303972099968e-05,3.357910417377911e-05,22,0,0,45,94.62496508518234,1020,4481
1.0,0.0,Direct MLP,7,8.454119252013896e-08,0.0016870924308195706,0.0004423172891033703,0.00023864905145940776,22,0,0,45,107.06932949507609,1198,4481
1.0,0.0,Direct MLP + $u^{\kappa}_{\mathrm{OU}}$ input,7,1.4786347490117805e-07,0.0020756723895139174,0.0005592632070826831,0.0004321208041234629,22,0,0,45,105.6073642950505,1170,4545
1.0,0.0,Residual MLP,7,4.9477214204305095e-09,0.00025852489865361224,8.025010584581753e-05,4.151388108540506e-05,22,0,0,45,71.16491044126451,784,4481
1.0,0.0,Direct MLP,8,1.604989865264225e-07,0.0021631369316315045,0.0007610745109179757,0.00027530228281173524,22,0,0,45,61.48811055906117,662,4481
1.0,0.0,Direct MLP + $u^{\kappa}_{\mathrm{OU}}$ input,8,1.9011838081293565e-07,0.0019651791030560963,0.00036894697486346614,0.00023587147891843686,22,0,0,45,102.75148305110633,1105,4545
1.0,0.0,Residual MLP,8,5.103130454163128e-09,0.00019078068112868336,4.725597177750945e-05,3.487486206250858e-05,22,0,0,45,90.2815943309106,967,4481
1.0,0.0,Direct MLP,9,1.041541777759447e-07,0.0019982534367013467,0.000473254124851256,0.00019971918280105644,22,0,0,45,77.82140281796455,852,4481
1.0,0.0,Direct MLP + $u^{\kappa}_{\mathrm{OU}}$ input,9,9.733921429067744e-08,0.001838768896600771,0.0006660850775576272,0.00021221433963715243,22,0,0,45,121.12169374758378,1306,4545
1.0,0.0,Residual MLP,9,4.0577681025435055e-09,0.00022409229426020166,3.185897143221064e-05,2.4297261751968534e-05,22,0,0,45,76.87886596098542,843,4481
1.2,0.020532939364016338,Direct MLP,0,1.2266796218696475e-07,0.001829100439771624,0.0005073592916501211,0.0002404673177474158,22,0,0,45,81.79248357797042,917,4481
1.2,0.020532939364016338,Direct MLP + $u^{\kappa}_{\mathrm{OU}}$ input,0,1.689032374612477e-07,0.002660834813375108,0.0007411115039349782,0.000329931414284548,22,0,0,45,74.7636271067895,791,4545
1.2,0.020532939364016338,Residual MLP,0,7.23169511445696e-06,0.005734644824494229,0.0014947429581415792,0.0009177541852444263,22,0,0,45,56.68330577714369,618,4481
1.2,0.020532939364016338,Direct MLP,1,1.3451199582839027e-07,0.0032810509967325413,0.00044843630922938675,0.0002442642827444737,22,0,0,45,81.54304824629799,882,4481
1.2,0.020532939364016338,Direct MLP + $u^{\kappa}_{\mathrm{OU}}$ input,1,1.4793866680374786e-07,0.0021230597356209024,0.0005314918427514007,0.0002415267279260854,22,0,0,45,105.18494723085314,1146,4545
1.2,0.020532939364016338,Residual MLP,1,7.993976949793652e-06,0.014493424065831727,0.005630969526251706,0.0010198323457651605,22,0,0,45,59.18256162432954,642,4481
1.2,0.020532939364016338,Direct MLP,2,7.644180064358517e-08,0.002257966060803387,0.0004909690540676988,0.0001677112158546971,22,0,0,45,94.19164204830304,1023,4481
1.2,0.020532939364016338,Direct MLP + $u^{\kappa}_{\mathrm{OU}}$ input,2,1.6806066503046366e-07,0.0024709313685075188,0.0008661652092282769,0.00033186694725159487,22,0,0,45,84.56314118113369,957,4545
1.2,0.020532939364016338,Residual MLP,2,9.088162888513474e-06,0.014261726740159623,0.004110497249415736,0.0008938363123903503,22,0,0,45,52.87869272194803,567,4481
1.2,0.020532939364016338,Direct MLP,3,1.3127292052099794e-07,0.002292215363007835,0.0005152945044432706,0.0002339052650792459,22,0,0,45,65.26911708433181,718,4481
1.2,0.020532939364016338,Direct MLP + $u^{\kappa}_{\mathrm{OU}}$ input,3,1.460513416709614e-07,0.0016982678623099774,0.0006577004786019685,0.0002746176341088042,22,0,0,45,97.33136042067781,1033,4545
1.2,0.020532939364016338,Residual MLP,3,4.451544632295386e-06,0.006226686208547804,0.0022933609487833825,0.0009458132650134842,22,0,0,45,30.185753352940083,325,4481
1.2,0.020532939364016338,Direct MLP,4,9.940770891786552e-08,0.0016313787727126562,0.00027073496167009876,0.00021666456639104245,22,0,0,45,63.05636602919549,702,4481
1.2,0.020532939364016338,Direct MLP + $u^{\kappa}_{\mathrm{OU}}$ input,4,1.5429388330204056e-07,0.001602271572384676,0.0006769899206537181,0.0002687542912658516,22,0,0,45,75.46606556419283,806,4545
1.2,0.020532939364016338,Residual MLP,4,5.944646382204371e-06,0.014073876849690992,0.0045238341375769715,0.0005262006851331898,22,0,0,45,109.15695301163942,1219,4481
1.2,0.020532939364016338,Direct MLP,5,1.442404811461466e-07,0.0031445650253356795,0.0003049316365522081,0.00027606855441774964,22,0,0,45,94.92428163066506,1029,4481
1.2,0.020532939364016338,Direct MLP + $u^{\kappa}_{\mathrm{OU}}$ input,5,1.9968570731864342e-07,0.0019025375899304148,0.0007967614122799215,0.0005739457504692069,22,0,0,45,88.64937770087272,973,4545
1.2,0.020532939364016338,Residual MLP,5,8.888864864672914e-06,0.013943880403598407,0.006577352254567086,0.0022540168100700156,22,0,0,45,28.178878992795944,312,4481
1.2,0.020532939364016338,Direct MLP,6,2.1040871024877008e-07,0.002423837327019772,0.0005596743322199356,0.0003683892206048749,22,0,0,45,58.464447611011565,631,4481
1.2,0.020532939364016338,Direct MLP + $u^{\kappa}_{\mathrm{OU}}$ input,6,1.8061855750135511e-07,0.0015792803564675176,0.0009727224889424531,0.0002458438949467586,22,0,0,45,103.38919346127659,1109,4545
1.2,0.020532939364016338,Residual MLP,6,3.6360551885478997e-06,0.00850039108853391,0.0030490490542076543,0.0008696318716910826,22,0,0,45,60.13778122281656,654,4481
1.2,0.020532939364016338,Direct MLP,7,8.454119252013896e-08,0.0016870924308195706,0.0004423172891033703,0.00023864905145940776,22,0,0,45,109.74340966809541,1198,4481
1.2,0.020532939364016338,Direct MLP + $u^{\kappa}_{\mathrm{OU}}$ input,7,1.4255703757250576e-07,0.0013489581740192163,0.0004988101828345699,0.0003330457421520272,22,0,0,45,115.50073095783591,1275,4545
1.2,0.020532939364016338,Residual MLP,7,3.7513266346865814e-06,0.006058558165445805,0.0023268057496533255,0.001343942401088929,22,0,0,45,50.66715505998582,560,4481
1.2,0.020532939364016338,Direct MLP,8,1.604989865264225e-07,0.0021631369316315045,0.0007610745109179757,0.00027530228281173524,22,0,0,45,61.323248989880085,662,4481
1.2,0.020532939364016338,Direct MLP + $u^{\kappa}_{\mathrm{OU}}$ input,8,2.514915850443476e-07,0.0020447930228249755,0.0009181997818090951,0.00038145512283465326,22,0,0,45,67.04025613283738,741,4545
1.2,0.020532939364016338,Residual MLP,8,2.463078507356936e-06,0.0056783333872276135,0.0015340995048855049,0.0006675745660821371,22,0,0,45,58.31451563583687,640,4481
1.2,0.020532939364016338,Direct MLP,9,1.041541777759447e-07,0.0019982534367013467,0.000473254124851256,0.00019971918280105644,22,0,0,45,78.90483759809285,852,4481
1.2,0.020532939364016338,Direct MLP + $u^{\kappa}_{\mathrm{OU}}$ input,9,1.3198876480952384e-07,0.001479547627615979,0.0006288444569607372,0.00033451403140399724,22,0,0,45,80.10984900407493,857,4545
1.2,0.020532939364016338,Residual MLP,9,3.5271721145506275e-06,0.005920633016071148,0.003367183580815514,0.0017085819898379551,22,0,0,45,60.4508327008225,648,4481
2.0,0.06809830825926744,Direct MLP,0,1.2266796218696475e-07,0.001829100439771624,0.0005073592916501211,0.0002404673177474158,22,0,0,45,79.9541648440063,917,4481
2.0,0.06809830825926744,Direct MLP + $u^{\kappa}_{\mathrm{OU}}$ input,0,1.5040843248062932e-07,0.0018853023578402255,0.0006658778180884549,0.00031323904177872467,22,0,0,45,90.14351762179285,1029,4545
2.0,0.06809830825926744,Residual MLP,0,5.408024347842647e-05,0.029595648062710766,0.009571292384665094,0.0026311663242566596,22,0,0,45,57.614264238160104,638,4481
2.0,0.06809830825926744,Direct MLP,1,1.3451199582839027e-07,0.0032810509967325413,0.00044843630922938675,0.0002442642827444737,22,0,0,45,74.296387498267,882,4481
2.0,0.06809830825926744,Direct MLP + $u^{\kappa}_{\mathrm{OU}}$ input,1,5.519775122751346e-07,0.0038439201206037833,0.002143643714333759,0.0005307077496304115,22,0,0,45,50.34097674489021,550,4545
2.0,0.06809830825926744,Residual MLP,1,0.00013081602137915958,0.2705925266274071,0.017299094170273786,0.00454847441443555,22,1,0,45,23.561875937040895,261,4481
2.0,0.06809830825926744,Direct MLP,2,7.644180064358517e-08,0.002257966060803387,0.0004909690540676988,0.0001677112158546971,22,0,0,45,88.09512272803113,1023,4481
2.0,0.06809830825926744,Direct MLP + $u^{\kappa}_{\mathrm{OU}}$ input,2,7.004535549096194e-07,0.004414703719599711,0.002176821121771007,0.0004455847007728843,22,0,0,45,48.78392306435853,515,4545
2.0,0.06809830825926744,Residual MLP,2,0.0001154521661305195,0.02607923509841541,0.021859296438514676,0.004438392273367883,22,0,0,45,39.19847537809983,432,4481
2.0,0.06809830825926744,Direct MLP,3,1.3127292052099794e-07,0.002292215363007835,0.0005152945044432706,0.0002339052650792459,22,0,0,45,64.83286931691691,718,4481
2.0,0.06809830825926744,Direct MLP + $u^{\kappa}_{\mathrm{OU}}$ input,3,1.5832892742373036e-07,0.0023072768784416077,0.0006245474992601925,0.00022036876023372206,22,0,0,45,92.12127212900668,1000,4545
2.0,0.06809830825926744,Residual MLP,3,9.48565936310777e-05,0.026093260741271333,0.019371868079353864,0.0042832341746125826,22,0,0,45,27.343070516828448,308,4481
2.0,0.06809830825926744,Direct MLP,4,9.940770891786552e-08,0.0016313787727126562,0.00027073496167009876,0.00021666456639104245,22,0,0,45,64.71248903218657,702,4481
2.0,0.06809830825926744,Direct MLP + $u^{\kappa}_{\mathrm{OU}}$ input,4,1.5477668218053848e-07,0.0026088947659702395,0.0005255917112540735,0.0002254666057133006,22,0,0,45,102.85237048892304,1126,4545
2.0,0.06809830825926744,Residual MLP,4,5.6412807267869706e-05,0.027052701182609593,0.010263503586808323,0.002308131214801559,22,0,0,45,72.52021520910785,783,4481
2.0,0.06809830825926744,Direct MLP,5,1.442404811461466e-07,0.0031445650253356795,0.0003049316365522081,0.00027606855441774964,22,0,0,45,94.36567423213273,1029,4481
2.0,0.06809830825926744,Direct MLP + $u^{\kappa}_{\mathrm{OU}}$ input,5,2.4379137752596316e-07,0.002075110300670248,0.0013050281233331468,0.00034863328062294404,22,0,0,45,95.73681360576302,1051,4545
2.0,0.06809830825926744,Residual MLP,5,4.55045840588316e-05,0.022040587955164528,0.008069459654000575,0.003627900770911394,22,0,0,45,42.56821938697249,474,4481
2.0,0.06809830825926744,Direct MLP,6,2.1040871024877008e-07,0.002423837327019772,0.0005596743322199356,0.0003683892206048749,22,0,0,45,55.442398538347334,631,4481
2.0,0.06809830825926744,Direct MLP + $u^{\kappa}_{\mathrm{OU}}$ input,6,2.6949509912932037e-07,0.002145753686342973,0.0012033137707109158,0.0003720358725965964,22,0,0,45,72.61716166837141,820,4545
2.0,0.06809830825926744,Residual MLP,6,9.815691775642683e-05,0.03405505078670329,0.013270430551290754,0.003549171472915254,22,0,0,45,40.73654766799882,442,4481
2.0,0.06809830825926744,Direct MLP,7,8.454119252013896e-08,0.0016870924308195706,0.0004423172891033703,0.00023864905145940776,22,0,0,45,109.33400526223704,1198,4481
2.0,0.06809830825926744,Direct MLP + $u^{\kappa}_{\mathrm{OU}}$ input,7,2.1270280468148687e-07,0.002608053558512072,0.0009843503043651372,0.00028138488459895764,22,0,0,45,96.4034577733837,1033,4545
2.0,0.06809830825926744,Residual MLP,7,0.0001323384162318445,0.03944782679199849,0.014722499658658532,0.003746199447889949,22,0,0,45,49.727040068712085,538,4481
2.0,0.06809830825926744,Direct MLP,8,1.604989865264225e-07,0.0021631369316315045,0.0007610745109179757,0.00027530228281173524,22,0,0,45,62.37613439327106,662,4481
2.0,0.06809830825926744,Direct MLP + $u^{\kappa}_{\mathrm{OU}}$ input,8,1.978324249796342e-07,0.00257511897506406,0.0005857562799672521,0.0003082675067753825,22,0,0,45,74.73112047603354,823,4545
2.0,0.06809830825926744,Residual MLP,8,9.899577122345463e-05,0.038295332835839045,0.012777482876615861,0.004280512331929071,22,0,0,45,36.56198391923681,407,4481
2.0,0.06809830825926744,Direct MLP,9,1.041541777759447e-07,0.0019982534367013467,0.000473254124851256,0.00019971918280105644,22,0,0,45,75.31325546791777,852,4481
2.0,0.06809830825926744,Direct MLP + $u^{\kappa}_{\mathrm{OU}}$ input,9,1.897108229154122e-07,0.0023113421690034914,0.0008209795572060239,0.0003155298250635368,22,0,0,45,88.63119298219681,942,4545
2.0,0.06809830825926744,Residual MLP,9,6.611195221645635e-05,0.02055418320531453,0.01604898004787433,0.003340606156343783,22,0,0,45,46.76562374411151,530,4481
