stratum,model,E_traj_mean,E_traj_ci,E_traj_n,E_cross_mean,E_cross_ci,E_cross_n,E_over_mean,E_over_ci,E_over_n,E_eq_mean,E_eq_ci,E_eq_n,n_cross_total,n_cross_per_seed,n_cross_fail_total,n_cross_fail_per_seed,n_cross_spurious_total,n_cross_spurious_per_seed,train_time_s_mean
exact,Direct MLP,8.204292678906286e-07,1.241540467468372e-07,10,0.005357370697006315,0.0027544762396107,10,0.00046063622498214164,0.00018106778562319885,10,0.0003904977933619824,0.0001189088346375475,10,30,3.0,0,0.0,0,0.0,149.14180888887495
large,Direct MLP,5.327301345466254e-07,1.071406128222416e-07,10,0.002312218825641801,0.0004262246913209543,10,0.0006155413664159448,0.00010697720247983085,10,0.00036985907314405765,0.00010079596918998085,10,50,5.0,0,0.0,0,0.0,149.14180888887495
medium,Direct MLP,1.7040898126197857e-07,3.732956575778681e-08,10,0.007826923113029266,0.0026885687683111084,10,0.00042465414319938334,0.00013339090868776245,10,0.00043489730530422044,0.00016282812450851402,10,40,4.0,0,0.0,0,0.0,149.14180888887495
small,Direct MLP,3.707765119346429e-07,1.2181701961622396e-07,10,0.0026501648931368084,0.0008015928388558555,10,0.0006616386829826381,0.0002857683102944734,10,0.00036707827598811974,9.704547431177619e-05,10,30,3.0,0,0.0,0,0.0,149.14180888887495
exact,Direct MLP + $u_{\mathrm{ODE}}$ input,7.422877674977374e-07,2.379652706042491e-07,10,0.003995537110282314,0.0018662082695290255,10,0.0003571794285102903,8.657909577190881e-05,10,0.0003386417362541194,5.807124159828664e-05,10,30,3.0,0,0.0,0,0.0,116.89120976058766
large,Direct MLP + $u_{\mathrm{ODE}}$ input,4.5699540732426326e-07,6.172898888204801e-08,10,0.003306670138842842,0.00025951737780178277,10,0.0006927095128018395,8.43862540007947e-05,10,0.00026064715351439003,7.924085381204976e-05,10,50,5.0,0,0.0,0,0.0,116.89120976058766
medium,Direct MLP + $u_{\mathrm{ODE}}$ input,1.789443045039056e-07,3.976978160075204e-08,10,0.0039558152735993364,0.0011990527141706522,10,0.0003105978766183837,0.0001154104526477465,10,0.0002990520707487754,0.00010381286383723045,10,40,4.0,0,0.0,0,0.0,116.89120976058766
small,Direct MLP + $u_{\mathrm{ODE}}$ input,2.6655694129372185e-07,4.531005475052262e-08,10,0.0020321302955389475,0.0010859824617855728,10,0.0005384450175978708,0.00010394228824093621,10,0.0003199983144697256,7.431695036060254e-05,10,30,3.0,0,0.0,0,0.0,116.89120976058766
exact,Residual MLP,1.0219361949966565e-10,4.291057063345748e-11,10,6.813259732231607e-05,2.624646700585369e-05,10,7.003187927717702e-06,1.7083219988452239e-06,10,7.25320999940382e-05,2.755397932564238e-06,10,30,3.0,0,0.0,0,0.0,156.2149754983373
large,Residual MLP,1.4605640332464716e-08,4.259929465665169e-09,10,0.00030156737356697497,0.00012033995540184817,10,7.79611394200519e-05,3.1234009329939944e-05,10,6.324607162962737e-05,4.01773539064058e-06,10,50,5.0,0,0.0,0,0.0,156.2149754983373
medium,Residual MLP,1.6919127675948069e-10,3.299676410116263e-11,10,0.00024086824364034088,4.750328877447208e-05,10,6.981552916314194e-06,1.6592164065875016e-06,10,6.95953685280859e-05,2.3355348103581698e-06,10,40,4.0,0,0.0,0,0.0,156.2149754983373
small,Residual MLP,1.8808092297071114e-10,5.365651665581474e-11,10,3.5559734305083227e-05,1.2388784282613145e-05,10,1.362042502702935e-05,3.877310787819843e-06,10,6.481021901828056e-05,4.204797613266774e-06,10,30,3.0,0,0.0,0,0.0,156.2149754983373
