stratum,model,seed,baseline_rmse,E_traj,E_cross,E_over,E_eq,n_cross,n_cross_fail,n_cross_spurious,train_time_s
exact,Direct MLP,0,5.4889769171594685e-05,8.857060905934822e-07,0.011582959115113237,0.0003361164378350989,0.0002823918586190022,3,0,0,157.81249833852053
large,Direct MLP,0,0.0007589219204851532,4.495207996329072e-07,0.002302351054247359,0.0003114247945217863,0.00034494599521722735,5,0,0,157.81249833852053
medium,Direct MLP,0,6.349614544687844e-05,1.2513323906163407e-07,0.007798550221684242,0.00047154600328527254,0.0005149510311345029,4,0,0,157.81249833852053
small,Direct MLP,0,5.254583680599299e-05,2.458846401411938e-07,0.001731433595354807,0.0006589879626568429,0.00036293972005298415,3,0,0,157.81249833852053
exact,Direct MLP + $u_{\mathrm{ODE}}$ input,0,5.4889769171594685e-05,1.36877848099062e-06,0.007662291267591696,0.00037314405602340006,0.00030843060109891907,3,0,0,89.136583853513
large,Direct MLP + $u_{\mathrm{ODE}}$ input,0,0.0007589219204851532,4.862232215337837e-07,0.0034497734627648158,0.0007091419878712535,0.000541008718505237,5,0,0,89.136583853513
medium,Direct MLP + $u_{\mathrm{ODE}}$ input,0,6.349614544687844e-05,3.0990506054983463e-07,0.006011009971071124,0.0006690311743792421,0.0006376464065301679,4,0,0,89.136583853513
small,Direct MLP + $u_{\mathrm{ODE}}$ input,0,5.254583680599299e-05,3.1923175036344784e-07,0.004548000743659649,0.0007401909498960801,0.0005446207690640938,3,0,0,89.136583853513
exact,Residual MLP,0,5.4889769171594685e-05,6.456153072392001e-11,7.318887286367204e-05,1.0818954623292854e-05,7.039668889741169e-05,3,0,0,185.9806632278487
large,Residual MLP,0,0.0007589219204851532,1.2885457088002329e-08,0.00019747883514963926,3.8248696802023474e-05,7.248219593114502e-05,5,0,0,185.9806632278487
medium,Residual MLP,0,6.349614544687844e-05,1.787682259303366e-10,0.00023027027903657626,1.001027125031584e-05,7.325022899884459e-05,4,0,0,185.9806632278487
small,Residual MLP,0,5.254583680599299e-05,1.8955721181478535e-10,3.614967166206314e-05,2.2750264842092654e-05,7.253835984788459e-05,3,0,0,185.9806632278487
exact,Direct MLP,1,5.4889769171594685e-05,7.022756117831552e-07,0.0020889563652679946,0.0005443873684790046,0.00036053932892066154,3,0,0,143.57625810056925
large,Direct MLP,1,0.0007589219204851532,4.810110592465149e-07,0.002896133177298804,0.0008582248392114133,0.0006665847854805118,5,0,0,143.57625810056925
medium,Direct MLP,1,6.349614544687844e-05,1.6691540053882085e-07,0.010272365490980373,0.0004711295836289153,0.0006700231213543795,4,0,0,143.57625810056925
small,Direct MLP,1,5.254583680599299e-05,2.8128416395200077e-07,0.0033541578253764395,0.0005325284026613174,0.0005704187893468113,3,0,0,143.57625810056925
exact,Direct MLP + $u_{\mathrm{ODE}}$ input,1,5.4889769171594685e-05,3.08857674002212e-07,0.0025570292598072384,0.00028073755760693597,0.00022080884166797432,3,0,0,139.77352533396333
large,Direct MLP + $u_{\mathrm{ODE}}$ input,1,0.0007589219204851532,3.390860756865121e-07,0.002993560593355521,0.0005818619273457171,0.00024961886414007206,5,0,0,139.77352533396333
medium,Direct MLP + $u_{\mathrm{ODE}}$ input,1,6.349614544687844e-05,1.3353498713294276e-07,0.003062483295602353,0.0002412061362828677,0.00026028868457768085,4,0,0,139.77352533396333
small,Direct MLP + $u_{\mathrm{ODE}}$ input,1,5.254583680599299e-05,1.4959368332038563e-07,0.00030806931366729923,0.0004221297454004093,0.00025071068209658876,3,0,0,139.77352533396333
exact,Residual MLP,1,5.4889769171594685e-05,1.030852484066852e-10,6.637363577048176e-05,7.561762389529658e-06,7.694105391786721e-05,3,0,0,139.0802900660783
large,Residual MLP,1,0.0007589219204851532,2.0644607666997217e-08,0.0001768134901367402,7.233837407974453e-05,6.812295613908836e-05,5,0,0,139.0802900660783
medium,Residual MLP,1,6.349614544687844e-05,1.2657598034840723e-10,0.00025784595602074134,7.895333910257207e-06,7.082832522935512e-05,4,0,0,139.0802900660783
small,Residual MLP,1,5.254583680599299e-05,1.5360189752805612e-10,6.126606900036524e-05,1.40892914936178e-05,6.93602004611739e-05,3,0,0,139.0802900660783
exact,Direct MLP,2,5.4889769171594685e-05,1.0971395141433102e-06,0.004927118299755007,0.0010159320879549183,0.000672019442043259,3,0,0,135.7504893131554
large,Direct MLP,2,0.0007589219204851532,8.768376229503029e-07,0.003210881419537076,0.0005877462330693695,0.00035359448876423616,5,0,0,135.7504893131554
medium,Direct MLP,2,6.349614544687844e-05,2.580771000071622e-07,0.009464284259640132,0.0007584828893623996,0.0006501896866514034,4,0,0,135.7504893131554
small,Direct MLP,2,5.254583680599299e-05,7.393671963839719e-07,0.0036057514826560353,0.0017719057483344283,0.00037658743134737015,3,0,0,135.7504893131554
exact,Direct MLP + $u_{\mathrm{ODE}}$ input,2,5.4889769171594685e-05,9.211504439147145e-07,0.004150370264548934,0.000376153989116057,0.0003797043658938515,3,0,0,121.11608972214162
large,Direct MLP + $u_{\mathrm{ODE}}$ input,2,0.0007589219204851532,5.335074788546903e-07,0.003329548186641179,0.0004821891737060713,0.00021268276979513612,5,0,0,121.11608972214162
medium,Direct MLP + $u_{\mathrm{ODE}}$ input,2,6.349614544687844e-05,2.1353241055129744e-07,0.0034719603555255496,0.00024838583665105497,0.00026601399942922656,4,0,0,121.11608972214162
small,Direct MLP + $u_{\mathrm{ODE}}$ input,2,5.254583680599299e-05,2.2367276458487578e-07,0.001504359533920104,0.0003035819998908895,0.00024696501880971944,3,0,0,121.11608972214162
exact,Residual MLP,2,5.4889769171594685e-05,1.4374696855223762e-10,4.563220122362951e-05,5.0749424185814185e-06,6.865496222452361e-05,3,0,0,140.56509585026652
large,Residual MLP,2,0.0007589219204851532,1.1368454907374491e-08,0.0003744027481380974,4.678108891809085e-05,5.492021674474712e-05,5,0,0,140.56509585026652
medium,Residual MLP,2,6.349614544687844e-05,1.448522113791657e-10,0.0003076896332363521,7.704178770095992e-06,6.330431351364574e-05,4,0,0,140.56509585026652
small,Residual MLP,2,5.254583680599299e-05,2.441991233362776e-10,5.655601130101958e-05,1.2728014975125848e-05,5.8505268822387334e-05,3,0,0,140.56509585026652
exact,Direct MLP,3,5.4889769171594685e-05,9.780309420736762e-07,0.010891099000418588,0.0005815470445664772,0.00039823046196024725,3,0,0,123.1351659335196
large,Direct MLP,3,0.0007589219204851532,6.623668558460492e-07,0.001328636930934174,0.0006750518150237805,0.0005487436684697422,5,0,0,123.1351659335196
medium,Direct MLP,3,6.349614544687844e-05,2.2969001879898905e-07,0.01362032559913115,0.000519888378950828,0.0007872533671167137,4,0,0,123.1351659335196
small,Direct MLP,3,5.254583680599299e-05,6.0576492293483e-07,0.0011368717427075274,0.00046005223969583904,0.000592096952782046,3,0,0,123.1351659335196
exact,Direct MLP + $u_{\mathrm{ODE}}$ input,3,5.4889769171594685e-05,4.314393581687127e-07,0.0009978470216632784,0.0004764084489506937,0.0004393885672153153,3,0,0,125.90851256996393
large,Direct MLP + $u_{\mathrm{ODE}}$ input,3,0.0007589219204851532,5.008205848081563e-07,0.0038131588601344525,0.0007694583997544802,0.00033327931460466753,5,0,0,125.90851256996393
medium,Direct MLP + $u_{\mathrm{ODE}}$ input,3,6.349614544687844e-05,1.725471425416529e-07,0.0016003008943645258,0.0005102608519494733,0.0004426152088042645,4,0,0,125.90851256996393
small,Direct MLP + $u_{\mathrm{ODE}}$ input,3,5.254583680599299e-05,3.46733774728131e-07,0.0025996777982401076,0.0007367560763888685,0.00040233852605352027,3,0,0,125.90851256996393
exact,Residual MLP,3,5.4889769171594685e-05,1.417106646479607e-10,4.795407673371018e-05,6.250120709039297e-06,7.413110912374288e-05,3,0,0,150.97482744511217
large,Residual MLP,3,0.0007589219204851532,7.2445795921180165e-09,0.00015003680914913998,2.8628746981729236e-05,5.929366900142563e-05,5,0,0,150.97482744511217
medium,Residual MLP,3,6.349614544687844e-05,1.5159622143037024e-10,0.000297196338729544,5.235365823086369e-06,7.079245528665012e-05,4,0,0,150.97482744511217
small,Residual MLP,3,5.254583680599299e-05,1.5510016134272512e-10,3.304618975152884e-05,9.555111077316372e-06,6.06972166590225e-05,3,0,0,150.97482744511217
exact,Direct MLP,4,5.4889769171594685e-05,8.78483936762405e-07,0.0004458718091358375,0.00022069388260759215,0.0002029579267874282,3,0,0,144.08419720549136
large,Direct MLP,4,0.0007589219204851532,6.194419309663948e-07,0.0024812103669663967,0.0007286555135360695,0.00043374365152581973,5,0,0,144.08419720549136
medium,Direct MLP,4,6.349614544687844e-05,8.387196083429983e-08,0.0026317730054440935,9.214231155398877e-05,0.0001655803865797445,4,0,0,144.08419720549136
small,Direct MLP,4,5.254583680599299e-05,4.011423110779554e-07,0.0026770281083549063,0.0006347302207697478,0.00032074858498257593,3,0,0,144.08419720549136
exact,Direct MLP + $u_{\mathrm{ODE}}$ input,4,5.4889769171594685e-05,1.0217069984758088e-06,0.0008941361338144308,0.00016078682832260105,0.00039854118970694685,3,0,0,82.37386630754918
large,Direct MLP + $u_{\mathrm{ODE}}$ input,4,0.0007589219204851532,5.617688075004555e-07,0.003397552520817487,0.0006580925896336465,0.00019276003414223086,5,0,0,82.37386630754918
medium,Direct MLP + $u_{\mathrm{ODE}}$ input,4,6.349614544687844e-05,2.0292331818453702e-07,0.005370075725807999,0.00020795981562429233,0.00029264313861387947,4,0,0,82.37386630754918
small,Direct MLP + $u_{\mathrm{ODE}}$ input,4,5.254583680599299e-05,2.7443234116413214e-07,0.0014272366967374994,0.0005389511242674632,0.0004021849044146502,3,0,0,82.37386630754918
exact,Residual MLP,4,5.4889769171594685e-05,3.1198194580380676e-11,3.504547871868713e-05,5.70978605013428e-06,7.430874796504616e-05,3,0,0,154.25718040205538
large,Residual MLP,4,0.0007589219204851532,1.8335944365756246e-08,0.0004180438166287104,4.4120879434617066e-05,5.875542899116959e-05,5,0,0,154.25718040205538
medium,Residual MLP,4,6.349614544687844e-05,1.4579813321731175e-10,0.00022149332921861387,2.7280526362805093e-06,6.893901388917988e-05,4,0,0,154.25718040205538
small,Residual MLP,4,5.254583680599299e-05,1.047612560354225e-10,3.4889797289309556e-05,7.451622961975245e-06,6.221162519654782e-05,3,0,0,154.25718040205538
exact,Direct MLP,5,5.4889769171594685e-05,6.210265812281795e-07,0.007461768860607898,0.0006085201732582424,0.0005754193383207817,3,0,0,132.40207845438272
large,Direct MLP,5,0.0007589219204851532,3.5256802517454254e-07,0.0015133063561873494,0.0006304514433460029,0.0002603464159617319,5,0,0,132.40207845438272
medium,Direct MLP,5,6.349614544687844e-05,1.2792710038093604e-07,0.005003416578196862,0.0002959675173301424,0.0003242602558543251,4,0,0,132.40207845438272
small,Direct MLP,5,5.254583680599299e-05,3.691604302905353e-07,0.0033124302412684825,0.0004340025915181567,0.0003888537374390845,3,0,0,132.40207845438272
exact,Direct MLP + $u_{\mathrm{ODE}}$ input,5,5.4889769171594685e-05,9.774476446356982e-07,0.00875139614708346,0.0005963651107395718,0.00025986022978979895,3,0,0,134.72888030391186
large,Direct MLP + $u_{\mathrm{ODE}}$ input,5,0.0007589219204851532,5.817615921295049e-07,0.0038936006202619665,0.0008655128613788143,0.00024617831306439353,5,0,0,134.72888030391186
medium,Direct MLP + $u_{\mathrm{ODE}}$ input,5,6.349614544687844e-05,1.639101370358769e-07,0.004828776185705486,0.00035409494207687685,0.00019817161986162012,4,0,0,134.72888030391186
small,Direct MLP + $u_{\mathrm{ODE}}$ input,5,5.254583680599299e-05,3.513625660284258e-07,0.004566329705030865,0.0005911056786918374,0.0002791567989228115,3,0,0,134.72888030391186
exact,Residual MLP,5,5.4889769171594685e-05,1.1083922355029091e-10,4.0389788873958686e-05,2.714932043568208e-06,7.003181758030719e-05,3,0,0,149.9083809889853
large,Residual MLP,5,0.0007589219204851532,1.2697059954617838e-08,0.00017950515705698612,8.804232637224518e-05,5.8268794305427196e-05,5,0,0,149.9083809889853
medium,Residual MLP,5,6.349614544687844e-05,1.33311625382587e-10,0.0001172099981114616,7.665262544787055e-06,6.432558948139544e-05,4,0,0,149.9083809889853
small,Residual MLP,5,5.254583680599299e-05,2.403641449175426e-10,3.141082964375208e-05,1.6658380130049215e-05,5.670428875286555e-05,3,0,0,149.9083809889853
exact,Direct MLP,6,5.4889769171594685e-05,6.830004708446846e-07,0.005831893137751158,0.00023053809098644296,0.0002379891580852056,3,0,0,151.04095746669918
large,Direct MLP,6,0.0007589219204851532,4.6125225310250967e-07,0.0021038130495805605,0.0005892839762145496,0.0002620529348241196,5,0,0,151.04095746669918
medium,Direct MLP,6,6.349614544687844e-05,1.5367439336042448e-07,0.007019280341733103,0.0003661903632802943,0.00018521973289082895,4,0,0,151.04095746669918
small,Direct MLP,6,5.254583680599299e-05,2.6670446506457983e-07,0.004216043833865202,0.00043490726656173325,0.00040551914483631456,3,0,0,151.04095746669918
exact,Direct MLP + $u_{\mathrm{ODE}}$ input,6,5.4889769171594685e-05,3.70562636214612e-07,0.002215513906302776,0.00029399224796750056,0.0002329088265871082,3,0,0,154.97567115537822
large,Direct MLP + $u_{\mathrm{ODE}}$ input,6,0.0007589219204851532,4.144514568887139e-07,0.0033540061164282486,0.0006489574734731551,0.00018591316413368864,5,0,0,154.97567115537822
medium,Direct MLP + $u_{\mathrm{ODE}}$ input,6,6.349614544687844e-05,1.265961836914896e-07,0.0014344843304151533,0.0002693112974901268,0.0003192615647677588,4,0,0,154.97567115537822
small,Direct MLP + $u_{\mathrm{ODE}}$ input,6,5.254583680599299e-05,2.9093337247011454e-07,0.0008075406467437837,0.0006414316474337513,0.0002985224425370779,3,0,0,154.97567115537822
exact,Residual MLP,6,5.4889769171594685e-05,1.0702091104271222e-10,8.30613914648189e-05,6.827000310793974e-06,7.681264270859023e-05,3,0,0,122.63626460079104
large,Residual MLP,6,0.0007589219204851532,2.625324368310874e-08,0.0006929594714012388,8.38765513244133e-05,6.379950379400978e-05,5,0,0,122.63626460079104
medium,Residual MLP,6,6.349614544687844e-05,1.7670571158812212e-10,0.0002834513003142636,7.960172819254651e-06,7.050406525199726e-05,4,0,0,122.63626460079104
small,Residual MLP,6,5.254583680599299e-05,2.641033344025197e-10,2.404546464111294e-05,2.1108737163798098e-05,7.391117290045379e-05,3,0,0,122.63626460079104
exact,Direct MLP,7,5.4889769171594685e-05,5.470491875571776e-07,0.0012413899696674575,0.00029369260191597357,0.00033835541638049804,3,0,0,155.37198774144053
large,Direct MLP,7,0.0007589219204851532,4.7242982008361527e-07,0.0027518166450318515,0.000705180315003634,0.00031091512931097354,5,0,0,155.37198774144053
medium,Direct MLP,7,6.349614544687844e-05,1.750336705450114e-07,0.01205919546059947,0.0003156678460115803,0.00018782847940825853,4,0,0,155.37198774144053
small,Direct MLP,7,5.254583680599299e-05,2.8817998000904627e-07,0.0014673919396034722,0.0005510015230021688,0.00025990917928402676,3,0,0,155.37198774144053
exact,Direct MLP + $u_{\mathrm{ODE}}$ input,7,5.4889769171594685e-05,6.441352498125749e-07,0.0035779176603624916,0.0003021902556686329,0.0004342649343504479,3,0,0,125.84255322720855
large,Direct MLP + $u_{\mathrm{ODE}}$ input,7,0.0007589219204851532,3.791840482882975e-07,0.0030030222455634525,0.0007085072446975649,0.000253443070118764,5,0,0,125.84255322720855
medium,Direct MLP + $u_{\mathrm{ODE}}$ input,7,6.349614544687844e-05,1.7823605953693835e-07,0.0030290396736419867,0.00022013618358309727,0.0002109001203753902,4,0,0,125.84255322720855
small,Direct MLP + $u_{\mathrm{ODE}}$ input,7,5.254583680599299e-05,2.5555092884851326e-07,0.00043546367221832433,0.00040225595062445433,0.0003280636728097023,3,0,0,125.84255322720855
exact,Residual MLP,7,5.4889769171594685e-05,2.2780217169012094e-10,0.00015243401340699533,8.82878973379464e-06,6.951210051825418e-05,3,0,0,179.83666635397822
large,Residual MLP,7,0.0007589219204851532,7.547587073797826e-09,0.0001858298728420138,0.00015478909190511092,6.21792696003931e-05,5,0,0,179.83666635397822
medium,Residual MLP,7,6.349614544687844e-05,2.2772348581305558e-10,0.0003266449063890342,9.274012544979727e-06,7.130147759100147e-05,4,0,0,179.83666635397822
small,Residual MLP,7,5.254583680599299e-05,3.160045943106984e-10,5.24880712331847e-05,8.916398242091767e-06,6.574930352974486e-05,3,0,0,179.83666635397822
exact,Direct MLP,8,5.4889769171594685e-05,9.14065911043493e-07,0.006307979241028512,0.00021404699818983186,0.0002455417481884159,3,0,0,187.92055050097406
large,Direct MLP,8,0.0007589219204851532,4.4513334407250604e-07,0.001974309212045644,0.0006080483820409543,0.00022779098997913194,5,0,0,187.92055050097406
medium,Direct MLP,8,6.349614544687844e-05,1.727972084731481e-07,0.008164353196489726,0.00033634183096946656,0.00031799479816649876,4,0,0,187.92055050097406
small,Direct MLP,8,5.254583680599299e-05,2.7722622557764266e-07,0.0036008661220924276,0.0006495202206421778,0.00019470823956809928,3,0,0,187.92055050097406
exact,Direct MLP + $u_{\mathrm{ODE}}$ input,8,5.4889769171594685e-05,6.984908354393803e-07,0.005062818244911431,0.0002913556280611518,0.0003251319416892051,3,0,0,107.37259555608034
large,Direct MLP + $u_{\mathrm{ODE}}$ input,8,0.0007589219204851532,3.7770777455016435e-07,0.0027476373078704043,0.0008572638283522727,0.0001444866977373116,5,0,0,107.37259555608034
medium,Direct MLP + $u_{\mathrm{ODE}}$ input,8,6.349614544687844e-05,1.7059106525669354e-07,0.004887808034100716,0.0002526291005555237,0.00023464015646825764,4,0,0,107.37259555608034
small,Direct MLP + $u_{\mathrm{ODE}}$ input,8,5.254583680599299e-05,2.1498983168371456e-07,0.0020544297483700382,0.00044487605117967836,0.00018999974826305888,3,0,0,107.37259555608034
exact,Residual MLP,8,5.4889769171594685e-05,6.088199033375498e-11,3.716832932772659e-05,9.88852873895496e-06,7.750736160749838e-05,3,0,0,154.84296124149114
large,Residual MLP,8,0.0007589219204851532,1.2088914598716847e-08,0.0002740552123513595,0.00014829261162199736,6.958851780280995e-05,5,0,0,154.84296124149114
medium,Residual MLP,8,6.349614544687844e-05,2.6923131038464917e-10,0.00019379647245987286,7.492496839711649e-06,7.233404220348127e-05,4,0,0,154.84296124149114
small,Residual MLP,8,5.254583680599299e-05,9.967787274184952e-11,2.0771194866209264e-05,1.5267554453421033e-05,6.712519501179364e-05,3,0,0,154.84296124149114
exact,Direct MLP,9,5.4889769171594685e-05,8.975144328767228e-07,0.0027946711713174497,0.0005608875640278344,0.0005915332543143248,3,0,0,160.32390583399683
large,Direct MLP,9,0.0007589219204851532,5.067396343909121e-07,0.002559730044588793,0.00046134635219188813,0.0002898726719070821,5,0,0,160.32390583399683
medium,Direct MLP,9,6.349614544687844e-05,2.1096972061935963e-07,0.0022356869763935083,0.0006191847076209456,0.0005456721938855491,4,0,0,160.32390583399683
small,Direct MLP,9,5.254583680599299e-05,2.3305078391467313e-07,0.001399674040088783,0.0004887506539839683,0.00019900098024188445,3,0,0,160.32390583399683
exact,Direct MLP + $u_{\mathrm{ODE}}$ input,9,5.4889769171594685e-05,6.803083533230404e-07,0.004086051196737402,0.00042066016264635797,0.00038737786454162704,3,0,0,87.68381957616657
large,Direct MLP + $u_{\mathrm{ODE}}$ input,9,0.0007589219204851532,3.95443033002354e-07,0.003084841474590888,0.0006461096418054202,0.00024710058890239917,5,0,0,87.68381957616657
medium,Direct MLP + $u_{\mathrm{ODE}}$ input,9,6.349614544687844e-05,1.1766668055779286e-07,0.00586221426975847,0.00013296342759128166,0.00012833980805950773,4,0,0,87.68381957616657
small,Direct MLP + $u_{\mathrm{ODE}}$ input,9,5.254583680599299e-05,2.3906839974547777e-07,0.0020701950968018044,0.0005631709522052766,0.0002574205817260327,3,0,0,87.68381957616657
exact,Residual MLP,9,5.4889769171594685e-05,3.108929146859327e-11,0.0001000781848394805,6.3570622594877335e-06,6.70245153971405e-05,3,0,0,184.0674248067662
large,Residual MLP,9,0.0007589219204851532,1.699055439415761e-08,0.00036654832281582395,7.449302676054703e-05,6.50501639860579e-05,5,0,0,184.0674248067662
medium,Residual MLP,9,6.349614544687844e-05,1.3734986212080177e-10,0.0001730842228869489,3.850382024372934e-06,7.037417383530809e-05,4,0,0,184.0674248067662
small,Residual MLP,9,5.254583680599299e-05,1.1343963327723447e-10,4.974043662286931e-06,7.678874930805435e-06,6.129955900093163e-05,3,0,0,184.0674248067662
