h,baseline_rmse,model,seed,E_traj,E_cross,E_over,E_eq,n_cross,n_cross_fail,n_cross_spurious,n_traj,train_time_s,epochs_run,n_params
0.01,0.0003855983530288369,Direct MLP,0,6.026457502154357e-08,0.0022603658488151864,0.00023758816851267758,0.003677445931244853,29,0,0,45,107.74510202091187,1159,4481
0.01,0.0003855983530288369,Direct MLP + $y_{\mathrm{base}}$ input,0,7.061727347025322e-08,0.002693651122764072,0.00025306011185912444,0.0036885047335403383,29,0,0,45,78.03348534507677,867,4545
0.01,0.0003855983530288369,Residual MLP,0,3.98905331812451e-09,0.0007235820319453519,3.7997782010318957e-05,0.0038311044527762424,29,0,0,45,138.80854608025402,1500,4481
0.01,0.0003855983530288369,Direct MLP,1,5.225418008932985e-08,0.0036645111371985026,0.00016615499973335644,0.003632984500426718,29,0,0,45,95.61514857597649,1090,4481
0.01,0.0003855983530288369,Direct MLP + $y_{\mathrm{base}}$ input,1,9.530644054193888e-08,0.0034589249268235692,0.0003232289961810883,0.003846147298890153,29,0,1,45,59.35048420494422,655,4545
0.01,0.0003855983530288369,Residual MLP,1,2.455275676535198e-09,0.0009008564551777098,3.9285597291587806e-05,0.0038336521473836703,29,0,0,45,140.3518728488125,1500,4481
0.01,0.0003855983530288369,Direct MLP,2,2.1345220999073075e-07,0.004475393275509769,0.0003083291190915549,0.004002555782151893,29,0,0,45,47.407927830237895,502,4481
0.01,0.0003855983530288369,Direct MLP + $y_{\mathrm{base}}$ input,2,2.189216974661363e-07,0.003972096619642667,0.00036608049721654644,0.003938466050698959,29,0,1,45,38.18290583323687,411,4545
0.01,0.0003855983530288369,Residual MLP,2,2.547732011775636e-09,0.0005431063397549349,3.5843532804773976e-05,0.003818804368145059,29,0,0,45,127.54571384377778,1391,4481
0.01,0.0003855983530288369,Direct MLP,3,7.850501798865976e-08,0.003102977275162555,0.0002984258465684656,0.0038062932751634342,29,0,0,45,65.75694035599008,705,4481
0.01,0.0003855983530288369,Direct MLP + $y_{\mathrm{base}}$ input,3,1.419413040744643e-07,0.0028678024374201036,0.00022706962229504215,0.003603973735516148,29,0,1,45,50.695941641926765,557,4545
0.01,0.0003855983530288369,Residual MLP,3,3.763462685448192e-09,0.000682826385160829,3.759928711106752e-05,0.0037803909348375323,29,0,0,45,98.63512937910855,1084,4481
0.01,0.0003855983530288369,Direct MLP,4,1.1492607868167827e-07,0.004179228584411937,0.00025661731350819195,0.003907985362404191,29,0,1,45,51.35385965881869,547,4481
0.01,0.0003855983530288369,Direct MLP + $y_{\mathrm{base}}$ input,4,9.4036283441563e-08,0.0033343149589361003,0.00032758495315921997,0.0036978863723525447,29,0,0,45,58.482373776845634,649,4545
0.01,0.0003855983530288369,Residual MLP,4,3.396596954843281e-09,0.0004948114344165446,3.221935052370265e-05,0.003781332246739602,29,0,0,45,138.60016618901864,1500,4481
0.01,0.0003855983530288369,Direct MLP,5,7.503726415946262e-08,0.003421442638839896,0.0002398259458587552,0.003711749162825568,29,0,0,45,101.45951633434743,1082,4481
0.01,0.0003855983530288369,Direct MLP + $y_{\mathrm{base}}$ input,5,1.091308535419479e-07,0.0027655046672539077,0.00029935053706225587,0.003767730937495613,29,0,1,45,56.76053830515593,608,4545
0.01,0.0003855983530288369,Residual MLP,5,1.8976128996034084e-09,0.0005553935049365228,3.160635382885641e-05,0.003830066697913222,29,0,0,45,138.29939982108772,1500,4481
0.01,0.0003855983530288369,Direct MLP,6,6.798547960199608e-08,0.002854041136497614,0.0003248369649872481,0.0037777917320325058,29,0,1,45,96.38897879002616,1055,4481
0.01,0.0003855983530288369,Direct MLP + $y_{\mathrm{base}}$ input,6,7.354954881540816e-08,0.003578291613705895,0.0002829134017052463,0.0038057785610416555,29,0,1,45,127.1504412186332,1398,4545
0.01,0.0003855983530288369,Residual MLP,6,2.8198672399494462e-09,0.0009491437083649231,3.279239646017334e-05,0.003810992772684448,29,0,0,45,127.47443116921932,1405,4481
0.01,0.0003855983530288369,Direct MLP,7,5.035403933453834e-08,0.0029650650564279173,0.000175559034184378,0.003807250835207417,29,0,0,45,89.45000800630078,976,4481
0.01,0.0003855983530288369,Direct MLP + $y_{\mathrm{base}}$ input,7,1.7936000014270333e-07,0.003970835058163423,0.0003547667713569612,0.0038296971932701616,29,0,1,45,51.85958493500948,564,4545
0.01,0.0003855983530288369,Residual MLP,7,4.39764296150743e-09,0.0008473417096677082,3.948723247733099e-05,0.0037930539985811073,29,0,0,45,133.50162206590176,1451,4481
0.01,0.0003855983530288369,Direct MLP,8,7.309490603661476e-08,0.0025381970229456474,0.00017805623486399173,0.0036340084057684507,29,0,1,45,71.5618960079737,758,4481
0.01,0.0003855983530288369,Direct MLP + $y_{\mathrm{base}}$ input,8,8.552971392913077e-08,0.0037803880564550485,0.0003282752265055885,0.0036635741722217197,29,0,0,45,77.67048888700083,831,4545
0.01,0.0003855983530288369,Residual MLP,8,4.709731421286338e-09,0.000585260442131047,3.459918112089295e-05,0.0037911180257316386,29,0,0,45,136.66908113565296,1476,4481
0.01,0.0003855983530288369,Direct MLP,9,7.113089949563803e-08,0.0017839218538192251,0.0001643468040075745,0.003841864950089249,29,0,1,45,60.53021037904546,673,4481
0.01,0.0003855983530288369,Direct MLP + $y_{\mathrm{base}}$ input,9,1.3441395553525433e-07,0.003652525730719894,0.000245738176504536,0.003596815315489731,29,0,1,45,58.48036606190726,641,4545
0.01,0.0003855983530288369,Residual MLP,9,2.5365580560417524e-09,0.0004738662635267709,3.398118551975039e-05,0.0038387339390869852,29,0,0,45,137.68765130732208,1500,4481
0.05,0.0019377500658736098,Direct MLP,0,6.026457502154357e-08,0.0022603658488151864,0.00023758816851267758,0.003677445931244853,29,0,0,45,107.66540788859129,1159,4481
0.05,0.0019377500658736098,Direct MLP + $y_{\mathrm{base}}$ input,0,1.1207437027427117e-07,0.00341187931947174,0.00029763672274280375,0.003553400286567824,29,0,0,45,64.0545451939106,689,4545
0.05,0.0019377500658736098,Residual MLP,0,7.2253131449588014e-09,0.0010865333994400357,6.113338688589703e-05,0.00384294711904677,29,0,0,45,103.13567693717778,1128,4481
0.05,0.0019377500658736098,Direct MLP,1,5.225418008932985e-08,0.0036645111371985026,0.00016615499973335644,0.003632984500426718,29,0,0,45,99.00191085087135,1090,4481
0.05,0.0019377500658736098,Direct MLP + $y_{\mathrm{base}}$ input,1,1.227760916876666e-07,0.00276081788649058,0.00037719824769088834,0.0039993862656593805,29,0,1,45,54.7236845176667,592,4545
0.05,0.0019377500658736098,Residual MLP,1,5.583395106773471e-09,0.0010607712912163063,5.7576825552846996e-05,0.003838998920765994,29,0,0,45,124.37823789101094,1372,4481
0.05,0.0019377500658736098,Direct MLP,2,2.1345220999073075e-07,0.004475393275509769,0.0003083291190915549,0.004002555782151893,29,0,0,45,46.60049213422462,502,4481
0.05,0.0019377500658736098,Direct MLP + $y_{\mathrm{base}}$ input,2,9.898391656494572e-08,0.00380539691060401,0.0002470771260198173,0.003745886851372044,29,0,1,45,67.75245847320184,723,4545
0.05,0.0019377500658736098,Residual MLP,2,5.901697111314939e-09,0.0007113204399305137,6.520112155223856e-05,0.0038084112580348654,29,0,0,45,120.56683685211465,1295,4481
0.05,0.0019377500658736098,Direct MLP,3,7.850501798865976e-08,0.003102977275162555,0.0002984258465684656,0.0038062932751634342,29,0,0,45,63.08456564787775,705,4481
0.05,0.0019377500658736098,Direct MLP + $y_{\mathrm{base}}$ input,3,1.3631349190694673e-07,0.002622056212797835,0.000272497931517135,0.003743777814276022,29,0,1,45,61.95069037331268,672,4545
0.05,0.0019377500658736098,Residual MLP,3,3.803978184355003e-09,0.0008216378819708993,4.857205690955466e-05,0.0038506346276203592,29,0,0,45,139.47285772208124,1500,4481
0.05,0.0019377500658736098,Direct MLP,4,1.1492607868167827e-07,0.004179228584411937,0.00025661731350819195,0.003907985362404191,29,0,1,45,48.52458811085671,547,4481
0.05,0.0019377500658736098,Direct MLP + $y_{\mathrm{base}}$ input,4,6.295015887212928e-08,0.0028534469300330514,0.0001915229522056953,0.0036482423689424733,29,0,0,45,85.01050135400146,928,4545
0.05,0.0019377500658736098,Residual MLP,4,6.795112725041667e-09,0.0010642075644958344,6.819070332694861e-05,0.0037871892490465866,29,0,0,45,137.4914201409556,1500,4481
0.05,0.0019377500658736098,Direct MLP,5,7.503726415946262e-08,0.003421442638839896,0.0002398259458587552,0.003711749162825568,29,0,0,45,100.69098103465512,1082,4481
0.05,0.0019377500658736098,Direct MLP + $y_{\mathrm{base}}$ input,5,9.79096304643919e-08,0.0014984173472761177,0.00025509957343510496,0.0037004312947050435,29,0,1,45,61.07966190529987,655,4545
0.05,0.0019377500658736098,Residual MLP,5,7.223271621547655e-09,0.0009813090278065085,5.79432007185638e-05,0.0038346989418653293,29,0,0,45,102.15329767717049,1145,4481
0.05,0.0019377500658736098,Direct MLP,6,6.798547960199608e-08,0.002854041136497614,0.0003248369649872481,0.0037777917320325058,29,0,1,45,97.38512731157243,1055,4481
0.05,0.0019377500658736098,Direct MLP + $y_{\mathrm{base}}$ input,6,1.2989160899371395e-07,0.004884693527124861,0.0003346479893966858,0.003844637994538052,29,0,1,45,71.84077372401953,788,4545
0.05,0.0019377500658736098,Residual MLP,6,8.013640747669273e-09,0.0011145901790380174,4.221568273391855e-05,0.003859487274970864,29,0,0,45,133.41864408086985,1435,4481
0.05,0.0019377500658736098,Direct MLP,7,5.035403933453834e-08,0.0029650650564279173,0.000175559034184378,0.003807250835207417,29,0,0,45,84.97826312575489,976,4481
0.05,0.0019377500658736098,Direct MLP + $y_{\mathrm{base}}$ input,7,1.8592611649196258e-07,0.003468205349192806,0.00027753662723963105,0.0035191858257849775,29,0,0,45,61.468582284171134,672,4545
0.05,0.0019377500658736098,Residual MLP,7,2.979237263260492e-09,0.000697415658307008,4.319421046101723e-05,0.0038567652719486874,29,0,0,45,136.19009669404477,1500,4481
0.05,0.0019377500658736098,Direct MLP,8,7.309490603661476e-08,0.0025381970229456474,0.00017805623486399173,0.0036340084057684507,29,0,1,45,68.93370271194726,758,4481
0.05,0.0019377500658736098,Direct MLP + $y_{\mathrm{base}}$ input,8,9.094490898944622e-08,0.002879973347323269,0.0002508980638714507,0.0038026387248676474,29,0,0,45,73.04116280190647,783,4545
0.05,0.0019377500658736098,Residual MLP,8,6.88721029355052e-09,0.0009846238766548481,7.718388674054191e-05,0.0038380321512538748,29,0,0,45,116.00261508999392,1265,4481
0.05,0.0019377500658736098,Direct MLP,9,7.113089949563803e-08,0.0017839218538192251,0.0001643468040075745,0.003841864950089249,29,0,1,45,62.79488420672715,673,4481
0.05,0.0019377500658736098,Direct MLP + $y_{\mathrm{base}}$ input,9,1.1653505752695598e-07,0.004145882875042157,0.00035415077000305515,0.003684611263192434,29,0,1,45,66.87728993594646,717,4545
0.05,0.0019377500658736098,Residual MLP,9,9.808381008031652e-09,0.0010062797892654662,6.526963488633106e-05,0.0038478623070995204,29,0,0,45,95.8291429867968,1028,4481
0.1,0.003901661499760117,Direct MLP,0,6.026457502154357e-08,0.0022603658488151864,0.00023758816851267758,0.003677445931244853,29,0,0,45,103.77443870715797,1159,4481
0.1,0.003901661499760117,Direct MLP + $y_{\mathrm{base}}$ input,0,9.177026809002474e-08,0.0023972234569272126,0.0002758798163378194,0.00378042732976794,29,0,0,45,69.31268673902377,771,4545
0.1,0.003901661499760117,Residual MLP,0,7.976066976403874e-09,0.0006251340937375464,5.5301510251314235e-05,0.003828027037400488,29,0,0,45,129.725007426925,1393,4481
0.1,0.003901661499760117,Direct MLP,1,5.225418008932985e-08,0.0036645111371985026,0.00016615499973335644,0.003632984500426718,29,0,0,45,100.95066827023402,1090,4481
0.1,0.003901661499760117,Direct MLP + $y_{\mathrm{base}}$ input,1,1.1433459259234737e-07,0.0033813438038141725,0.0001971707708598015,0.0036918785551699894,29,0,1,45,55.993598030880094,606,4545
0.1,0.003901661499760117,Residual MLP,1,1.2014636335300934e-08,0.0009480749183851122,5.227462438060925e-05,0.0038128534041184004,29,0,0,45,108.35821170080453,1194,4481
0.1,0.003901661499760117,Direct MLP,2,2.1345220999073075e-07,0.004475393275509769,0.0003083291190915549,0.004002555782151893,29,0,0,45,42.437143322080374,502,4481
0.1,0.003901661499760117,Direct MLP + $y_{\mathrm{base}}$ input,2,9.65911242170074e-08,0.0027159932472911818,0.00033940655194333066,0.0038112900250892425,29,0,1,45,63.857558568008244,686,4545
0.1,0.003901661499760117,Residual MLP,2,1.4217911559582455e-08,0.0009169730487581747,8.068082984912116e-05,0.0038270696194880266,29,0,0,45,79.10002980520949,853,4481
0.1,0.003901661499760117,Direct MLP,3,7.850501798865976e-08,0.003102977275162555,0.0002984258465684656,0.0038062932751634342,29,0,0,45,64.94447535416111,705,4481
0.1,0.003901661499760117,Direct MLP + $y_{\mathrm{base}}$ input,3,1.4247298408215333e-07,0.002910494908439982,0.0002673069274486788,0.003721599571577825,29,0,1,45,50.58095748582855,558,4545
0.1,0.003901661499760117,Residual MLP,3,1.5989790389919185e-08,0.0015586787077438982,7.941340060039339e-05,0.003872860494493096,29,0,0,45,97.81193466065452,1086,4481
0.1,0.003901661499760117,Direct MLP,4,1.1492607868167827e-07,0.004179228584411937,0.00025661731350819195,0.003907985362404191,29,0,1,45,52.38480812544003,547,4481
0.1,0.003901661499760117,Direct MLP + $y_{\mathrm{base}}$ input,4,7.52237712300438e-08,0.004691803696564423,0.00024830066966471264,0.0038290624828439196,29,0,0,45,82.80557825509459,885,4545
0.1,0.003901661499760117,Residual MLP,4,1.968796035183213e-08,0.0016465159517326492,8.382573965793523e-05,0.00383087854672496,29,0,0,45,76.5519046690315,843,4481
0.1,0.003901661499760117,Direct MLP,5,7.503726415946262e-08,0.003421442638839896,0.0002398259458587552,0.003711749162825568,29,0,0,45,99.14957949798554,1082,4481
0.1,0.003901661499760117,Direct MLP + $y_{\mathrm{base}}$ input,5,1.2589755306900028e-07,0.0030476120613323917,0.0002993254367704898,0.0039634664640829185,29,0,1,45,69.60569449001923,738,4545
0.1,0.003901661499760117,Residual MLP,5,1.649723591292104e-08,0.0012148715766945432,7.72557906476913e-05,0.0038393215251807168,29,0,0,45,79.64012804208323,850,4481
0.1,0.003901661499760117,Direct MLP,6,6.798547960199608e-08,0.002854041136497614,0.0003248369649872481,0.0037777917320325058,29,0,1,45,97.80211334908381,1055,4481
0.1,0.003901661499760117,Direct MLP + $y_{\mathrm{base}}$ input,6,1.7003651530904753e-07,0.005087147879928244,0.0003652562759559953,0.0037759398826111915,29,0,1,45,67.41274013509974,731,4545
0.1,0.003901661499760117,Residual MLP,6,1.481125883482961e-08,0.0013923329382896047,8.309722678555688e-05,0.0038055520476568015,29,0,0,45,95.58044923795387,1027,4481
0.1,0.003901661499760117,Direct MLP,7,5.035403933453834e-08,0.0029650650564279173,0.000175559034184378,0.003807250835207417,29,0,0,45,90.55119819985703,976,4481
0.1,0.003901661499760117,Direct MLP + $y_{\mathrm{base}}$ input,7,1.892500528574532e-07,0.0028663542973232686,0.0003290201501612127,0.0038948476412778493,29,0,1,45,61.14741922589019,665,4545
0.1,0.003901661499760117,Residual MLP,7,1.1998124405587558e-08,0.0015311198551302173,9.564597015776993e-05,0.0037739439183486806,29,0,0,45,127.99718200601637,1394,4481
0.1,0.003901661499760117,Direct MLP,8,7.309490603661476e-08,0.0025381970229456474,0.00017805623486399173,0.0036340084057684507,29,0,1,45,69.30177620891482,758,4481
0.1,0.003901661499760117,Direct MLP + $y_{\mathrm{base}}$ input,8,8.139257830695463e-08,0.004675593608747798,0.0002560032021267064,0.0037284012616106083,29,0,0,45,77.2977205668576,870,4545
0.1,0.003901661499760117,Residual MLP,8,2.1818204181157053e-08,0.0009923533071302323,6.464697419287606e-05,0.00384241500475576,29,0,0,45,89.05295708822086,976,4481
0.1,0.003901661499760117,Direct MLP,9,7.113089949563803e-08,0.0017839218538192251,0.0001643468040075745,0.003841864950089249,29,0,1,45,62.91542451502755,673,4481
0.1,0.003901661499760117,Direct MLP + $y_{\mathrm{base}}$ input,9,1.0131470226943112e-07,0.0018412034691502345,0.00020554623069659605,0.0035619600536980853,29,0,0,45,99.3574265758507,1065,4545
0.1,0.003901661499760117,Residual MLP,9,1.586607897485523e-08,0.001031550418992146,8.941019416221804e-05,0.0037865128968998085,29,0,0,45,68.46944375196472,754,4481
0.25,0.009982600630161875,Direct MLP,0,6.026457502154357e-08,0.0022603658488151864,0.00023758816851267758,0.003677445931244853,29,0,0,45,109.0357600748539,1159,4481
0.25,0.009982600630161875,Direct MLP + $y_{\mathrm{base}}$ input,0,1.898161251030575e-07,0.0038644364600504775,0.0002502132932683606,0.0036812935730851266,29,0,0,45,81.86762548284605,886,4545
0.25,0.009982600630161875,Residual MLP,0,1.2249569289370598e-07,0.0027547608343070017,0.00019676573616853846,0.003858804779102703,29,0,0,45,135.69176724599674,1500,4481
0.25,0.009982600630161875,Direct MLP,1,5.225418008932985e-08,0.0036645111371985026,0.00016615499973335644,0.003632984500426718,29,0,0,45,99.68547384720296,1090,4481
0.25,0.009982600630161875,Direct MLP + $y_{\mathrm{base}}$ input,1,1.344637661058202e-07,0.0038498585003578435,0.0002566041707931572,0.0036084419069831756,29,0,0,45,108.80428857915103,1200,4545
0.25,0.009982600630161875,Residual MLP,1,1.4465619000793593e-07,0.003537890755157817,0.0001904949069410596,0.003716708331152654,29,0,0,45,137.61633830377832,1500,4481
0.25,0.009982600630161875,Direct MLP,2,2.1345220999073075e-07,0.004475393275509769,0.0003083291190915549,0.004002555782151893,29,0,0,45,45.70929916203022,502,4481
0.25,0.009982600630161875,Direct MLP + $y_{\mathrm{base}}$ input,2,2.1077288491822028e-07,0.0054902433052710815,0.00035692671904174035,0.0037474537150753513,29,0,1,45,66.97833330184221,718,4545
0.25,0.009982600630161875,Residual MLP,2,1.3870634374746978e-07,0.0025838665958477997,0.0002266773353214704,0.0037583282010920293,29,0,0,45,134.47446958022192,1500,4481
0.25,0.009982600630161875,Direct MLP,3,7.850501798865976e-08,0.003102977275162555,0.0002984258465684656,0.0038062932751634342,29,0,0,45,61.504856002982706,705,4481
0.25,0.009982600630161875,Direct MLP + $y_{\mathrm{base}}$ input,3,2.3032647018461608e-07,0.005350483215205691,0.00031767919179241194,0.0036381104019355495,29,0,1,45,76.03910092823207,834,4545
0.25,0.009982600630161875,Residual MLP,3,1.118491028519099e-07,0.003496754584175098,0.00023027905366059562,0.003838826388613666,29,0,0,45,142.9895749320276,1500,4481
0.25,0.009982600630161875,Direct MLP,4,1.1492607868167827e-07,0.004179228584411937,0.00025661731350819195,0.003907985362404191,29,0,1,45,51.00633023167029,547,4481
0.25,0.009982600630161875,Direct MLP + $y_{\mathrm{base}}$ input,4,2.217908423288942e-07,0.006039114563518408,0.0003261739388263981,0.003757225556870145,29,0,0,45,57.95769574912265,628,4545
0.25,0.009982600630161875,Residual MLP,4,1.3380906212795472e-07,0.002854598826631846,0.0001873858871913677,0.0038533528955420455,29,0,0,45,94.33534687105566,1023,4481
0.25,0.009982600630161875,Direct MLP,5,7.503726415946262e-08,0.003421442638839896,0.0002398259458587552,0.003711749162825568,29,0,0,45,98.89030738174915,1082,4481
0.25,0.009982600630161875,Direct MLP + $y_{\mathrm{base}}$ input,5,1.9847995806013015e-07,0.0047033598578709755,0.00032911040826372564,0.003798436441907506,29,0,1,45,70.5824803551659,781,4545
0.25,0.009982600630161875,Residual MLP,5,1.370273926051069e-07,0.0030896165708182584,0.00026687808329819675,0.0036205947971204317,29,0,0,45,110.57820476172492,1189,4481
0.25,0.009982600630161875,Direct MLP,6,6.798547960199608e-08,0.002854041136497614,0.0003248369649872481,0.0037777917320325058,29,0,1,45,100.07831202121451,1055,4481
0.25,0.009982600630161875,Direct MLP + $y_{\mathrm{base}}$ input,6,2.5372932709904026e-07,0.004588618586383776,0.00031142294172054914,0.0037442061183165717,29,0,1,45,65.58985327696428,704,4545
0.25,0.009982600630161875,Residual MLP,6,9.931205386360708e-08,0.002715611471736866,0.00019613962489135853,0.0038996471404649027,29,0,0,45,139.02180224936455,1500,4481
0.25,0.009982600630161875,Direct MLP,7,5.035403933453834e-08,0.0029650650564279173,0.000175559034184378,0.003807250835207417,29,0,0,45,87.8758201142773,976,4481
0.25,0.009982600630161875,Direct MLP + $y_{\mathrm{base}}$ input,7,2.0395236025179236e-07,0.004890594333551503,0.00033234336040962475,0.0038444004841298915,29,0,1,45,93.72831352287903,1003,4545
0.25,0.009982600630161875,Residual MLP,7,1.4319585902943013e-07,0.0028463753110676373,0.00022430559947054105,0.0037430093333843837,29,0,0,45,92.56208873912692,1032,4481
0.25,0.009982600630161875,Direct MLP,8,7.309490603661476e-08,0.0025381970229456474,0.00017805623486399173,0.0036340084057684507,29,0,1,45,69.59201983595267,758,4481
0.25,0.009982600630161875,Direct MLP + $y_{\mathrm{base}}$ input,8,1.6570123509337584e-07,0.004739955380133556,0.0003763612169478255,0.0037775276770562753,29,0,0,45,65.12810275796801,710,4545
0.25,0.009982600630161875,Residual MLP,8,1.6344762414927202e-07,0.00522179909880888,0.0002505820922502967,0.003760839575150558,29,0,0,45,62.48228952009231,671,4481
0.25,0.009982600630161875,Direct MLP,9,7.113089949563803e-08,0.0017839218538192251,0.0001643468040075745,0.003841864950089249,29,0,1,45,62.99379463121295,673,4481
0.25,0.009982600630161875,Direct MLP + $y_{\mathrm{base}}$ input,9,1.5038199349747092e-07,0.0028213879378603066,0.00026106588869162137,0.0037273823272351613,29,0,0,45,97.37520501809195,1065,4545
0.25,0.009982600630161875,Residual MLP,9,1.2142747772282634e-07,0.0026693300216419063,0.00021236023005595487,0.0036249924177226304,29,0,0,45,119.126142765861,1323,4481
0.5,0.020893265366636916,Direct MLP,0,6.026457502154357e-08,0.0022603658488151864,0.00023758816851267758,0.003677445931244853,29,0,0,45,105.93331930041313,1159,4481
0.5,0.020893265366636916,Direct MLP + $y_{\mathrm{base}}$ input,0,1.2316666981638473e-07,0.004591676489466179,0.00024214567432694344,0.0036786084739706027,29,0,0,45,83.51871383143589,899,4545
0.5,0.020893265366636916,Residual MLP,0,2.0980420717137896e-07,0.00718542844139659,0.00041684794735469884,0.003650786444705985,29,0,0,45,106.8408766798675,1149,4481
0.5,0.020893265366636916,Direct MLP,1,5.225418008932985e-08,0.0036645111371985026,0.00016615499973335644,0.003632984500426718,29,0,0,45,100.07271490991116,1090,4481
0.5,0.020893265366636916,Direct MLP + $y_{\mathrm{base}}$ input,1,1.1307649229594799e-07,0.0031758359684640547,0.0002300112922262966,0.00365197014560673,29,0,0,45,90.52272881008685,981,4545
0.5,0.020893265366636916,Residual MLP,1,1.444288014663513e-07,0.00695527384900025,0.00029105662079687754,0.00371821905506217,29,0,0,45,99.43563712807372,1090,4481
0.5,0.020893265366636916,Direct MLP,2,2.1345220999073075e-07,0.004475393275509769,0.0003083291190915549,0.004002555782151893,29,0,0,45,44.78049517516047,502,4481
0.5,0.020893265366636916,Direct MLP + $y_{\mathrm{base}}$ input,2,2.1573911239242693e-07,0.005490226794338373,0.0005015404053692743,0.0038712165157776595,29,0,1,45,66.71515094395727,697,4545
0.5,0.020893265366636916,Residual MLP,2,1.9439847073259859e-07,0.008614936179451574,0.0003421831995010412,0.0035576474679899417,29,0,0,45,116.73220099229366,1239,4481
0.5,0.020893265366636916,Direct MLP,3,7.850501798865976e-08,0.003102977275162555,0.0002984258465684656,0.0038062932751634342,29,0,0,45,67.79353309003636,705,4481
0.5,0.020893265366636916,Direct MLP + $y_{\mathrm{base}}$ input,3,1.2950197333921179e-07,0.0036408791987581233,0.0004838225731101215,0.0036829936669446894,29,0,1,45,103.8446809030138,1130,4545
0.5,0.020893265366636916,Residual MLP,3,1.534581549679369e-07,0.007337948850228665,0.0003641827121729582,0.003686060582966692,29,0,0,45,135.42184938583523,1500,4481
0.5,0.020893265366636916,Direct MLP,4,1.1492607868167827e-07,0.004179228584411937,0.00025661731350819195,0.003907985362404191,29,0,1,45,50.11747393524274,547,4481
0.5,0.020893265366636916,Direct MLP + $y_{\mathrm{base}}$ input,4,1.6010228948188848e-07,0.004630440745337637,0.000293203740752891,0.0037016690479793426,29,0,0,45,61.6560837700963,661,4545
0.5,0.020893265366636916,Residual MLP,4,2.32833918191363e-07,0.0071287731609512945,0.0006170942125713254,0.0037643665080132837,29,0,0,45,84.68484584614635,928,4481
0.5,0.020893265366636916,Direct MLP,5,7.503726415946262e-08,0.003421442638839896,0.0002398259458587552,0.003711749162825568,29,0,0,45,100.37198932887986,1082,4481
0.5,0.020893265366636916,Direct MLP + $y_{\mathrm{base}}$ input,5,1.5999864209290128e-07,0.006849645874731131,0.0003084796166177147,0.0038467677351526576,29,0,1,45,80.6727951951325,879,4545
0.5,0.020893265366636916,Residual MLP,5,1.2611333238467024e-07,0.005859687113998001,0.000400387321085274,0.003848516419085489,29,0,0,45,137.44774781307206,1500,4481
0.5,0.020893265366636916,Direct MLP,6,6.798547960199608e-08,0.002854041136497614,0.0003248369649872481,0.0037777917320325058,29,0,1,45,97.640550930053,1055,4481
0.5,0.020893265366636916,Direct MLP + $y_{\mathrm{base}}$ input,6,1.1212791122476279e-07,0.0034887531519798066,0.0002838121348539039,0.003815181171090323,29,0,1,45,116.95183824095875,1291,4545
0.5,0.020893265366636916,Residual MLP,6,1.7535655960427485e-07,0.008509091940526558,0.0002601373495327112,0.0037263195959386913,29,0,0,45,108.3941096412018,1175,4481
0.5,0.020893265366636916,Direct MLP,7,5.035403933453834e-08,0.0029650650564279173,0.000175559034184378,0.003807250835207417,29,0,0,45,91.636406280566,976,4481
0.5,0.020893265366636916,Direct MLP + $y_{\mathrm{base}}$ input,7,1.5689929193212607e-07,0.005913104043301265,0.0002661466895347372,0.003717056268866529,29,0,0,45,99.83351078769192,1071,4545
0.5,0.020893265366636916,Residual MLP,7,1.7235958066356008e-07,0.007110169765208017,0.00033957648207942154,0.003903469061819282,29,0,0,45,138.62678381521255,1475,4481
0.5,0.020893265366636916,Direct MLP,8,7.309490603661476e-08,0.0025381970229456474,0.00017805623486399173,0.0036340084057684507,29,0,1,45,68.46565914759412,758,4481
0.5,0.020893265366636916,Direct MLP + $y_{\mathrm{base}}$ input,8,2.021255571400304e-07,0.005350168717491914,0.00043703084144939533,0.00367612452024777,29,0,0,45,67.54842682927847,714,4545
0.5,0.020893265366636916,Residual MLP,8,1.815395369699929e-07,0.005877981610739294,0.00030287810480041305,0.0037807153389339326,29,0,0,45,139.50629364419729,1500,4481
0.5,0.020893265366636916,Direct MLP,9,7.113089949563803e-08,0.0017839218538192251,0.0001643468040075745,0.003841864950089249,29,0,1,45,61.008900753222406,673,4481
0.5,0.020893265366636916,Direct MLP + $y_{\mathrm{base}}$ input,9,1.6312618732517806e-07,0.0023719663834768914,0.00026692579615858036,0.003810677397265848,29,0,1,45,84.16574142174795,930,4545
0.5,0.020893265366636916,Residual MLP,9,1.853172289617128e-07,0.00634279105699318,0.00030884326934069607,0.0037036579141279348,29,0,0,45,136.07355261826888,1500,4481
