kappa,model,E_traj_mean,E_traj_ci,E_traj_n,E_cross_mean,E_cross_ci,E_cross_n,E_over_mean,E_over_ci,E_over_n,E_eq_mean,E_eq_ci,E_eq_n,n_cross_total,n_cross_per_seed,n_cross_fail_total,n_cross_fail_per_seed,n_cross_spurious_total,n_cross_spurious_per_seed,train_time_s_mean
0.5,Direct MLP,1.2681459363152264e-07,2.832637507332853e-08,10,0.002270859678453592,0.00040175226293643354,10,0.00047740460147053225,9.665428687103776e-05,10,0.0002461140939911699,3.8528528415349896e-05,10,220,22.0,0,0.0,0,0.0,77.73270436855964
0.5,Direct MLP + $u^{\kappa}_{\mathrm{OU}}$ input,2.430063783366894e-07,6.709302513247664e-08,10,0.0024341298409717113,0.00044063201558989216,10,0.0008205727072668288,0.00017377952870552968,10,0.000395735578263538,6.259561064487479e-05,10,220,22.0,0,0.0,0,0.0,83.99249571128749
0.5,Residual MLP,7.681690078082979e-05,2.264806401266496e-05,10,0.04040215541154366,0.011868348066877529,10,0.008172775876760857,0.0022087767647052687,10,0.0041901801746146465,0.0010719569101693056,10,220,22.0,0,0.0,0,0.0,55.438901459239425
0.8,Direct MLP,1.2681459363152264e-07,2.832637507332853e-08,10,0.002270859678453592,0.00040175226293643354,10,0.00047740460147053225,9.665428687103776e-05,10,0.0002461140939911699,3.8528528415349896e-05,10,220,22.0,0,0.0,0,0.0,77.37508662356996
0.8,Direct MLP + $u^{\kappa}_{\mathrm{OU}}$ input,2.2078391603291405e-07,5.721415247780756e-08,10,0.002506137686417725,0.00039979222297850155,10,0.0008781218380909922,0.00020943271108541254,10,0.00032097534123549996,5.0308083701785005e-05,10,220,22.0,0,0.0,0,0.0,90.02754558967426
0.8,Residual MLP,1.0958516519398998e-05,3.2733278257133636e-06,10,0.012034312851013597,0.003303795784489281,10,0.003535486421485728,0.0011945057061691616,10,0.0015387420414648522,0.0004249972879888706,10,220,22.0,0,0.0,0,0.0,65.79577643489465
1.0,Direct MLP,1.2681459363152264e-07,2.832637507332853e-08,10,0.002270859678453592,0.00040175226293643354,10,0.00047740460147053225,9.665428687103776e-05,10,0.0002461140939911699,3.8528528415349896e-05,10,220,22.0,0,0.0,0,0.0,78.44481331645511
1.0,Direct MLP + $u^{\kappa}_{\mathrm{OU}}$ input,1.61561279174477e-07,2.461544820980725e-08,10,0.002085906506827966,0.00026189441432487143,10,0.0006881320657999249,0.00013732082430215295,10,0.0002989552415724973,5.364982458315715e-05,10,220,22.0,0,0.0,0,0.0,95.41488988730126
1.0,Residual MLP,4.771991744739062e-09,1.1497352538712563e-09,10,0.00022937468508616392,4.3594451555750775e-05,10,6.033821189141087e-05,2.202089659522838e-05,10,4.5706877529902495e-05,1.1255351418505201e-05,10,220,22.0,0,0.0,0,0.0,85.63006925228983
1.2,Direct MLP,1.2681459363152264e-07,2.832637507332853e-08,10,0.002270859678453592,0.00040175226293643354,10,0.00047740460147053225,9.665428687103776e-05,10,0.0002461140939911699,3.8528528415349896e-05,10,220,22.0,0,0.0,0,0.0,78.92128824838437
1.2,Direct MLP + $u^{\kappa}_{\mathrm{OU}}$ input,1.6915894465148369e-07,2.5165086629764693e-08,10,0.0018910482123056286,0.00030974802158412597,10,0.0007288797277997119,0.00011400072225221591,10,0.00033155015566435273,6.906654145539631e-05,10,220,22.0,0,0.0,0,0.0,89.19985487605445
1.2,Residual MLP,5.697652327707881e-06,1.7543900633251213e-06,10,0.009489215474960127,0.0029536128185716944,10,0.0034907894964298462,0.0012245031388810588,10,0.001114718443231673,0.00037206909314852036,10,220,22.0,0,0.0,0,0.0,56.583643010025845
2.0,Direct MLP,1.2681459363152264e-07,2.832637507332853e-08,10,0.002270859678453592,0.00040175226293643354,10,0.00047740460147053225,9.665428687103776e-05,10,0.0002461140939911699,3.8528528415349896e-05,10,220,22.0,0,0.0,0,0.0,76.87225013133138
2.0,Direct MLP + $u^{\kappa}_{\mathrm{OU}}$ input,2.829477638501469e-07,1.3463557239543622e-07,10,0.002677547653204841,0.0005812939585071552,10,0.0011035909900289963,0.0004397782690308037,10,0.0003361218227786461,6.81386187992017e-05,10,220,22.0,0,0.0,0,0.0,81.23618065547198
2.0,Residual MLP,8.927254733740669e-05,2.29222809763115e-05,10,0.05338063532874341,0.05478428066661257,10,0.01432539074480558,0.0031629243852647803,10,0.0036753788581463677,0.0005424554899998034,10,220,22.0,1,0.1,0,0.0,43.659731606626885
