h,model,E_traj_mean,E_traj_ci,E_traj_n,E_cross_mean,E_cross_ci,E_cross_n,E_over_mean,E_over_ci,E_over_n,E_eq_mean,E_eq_ci,E_eq_n,n_cross_total,n_cross_per_seed,n_cross_fail_total,n_cross_fail_per_seed,n_cross_spurious_total,n_cross_spurious_per_seed,train_time_s_mean
0.01,Direct MLP,8.570046504001921e-08,3.45880176603536e-08,10,0.0031245143829628248,0.0005986915494919405,10,0.00023497404313161941,4.42746897456734e-05,10,0.0037799929937314277,8.573679701547005e-05,10,290,29.0,0,0.0,4,0.4,78.72695879596286
0.01,Direct MLP + $y_{\mathrm{base}}$ input,1.2028070709588e-07,3.4706100038397875e-08,10,0.003407433519188468,0.00034434533845049845,10,0.0003008068293845609,3.390590350348362e-05,10,0.0037438574370517023,8.012843962664953e-05,10,290,29.0,0,0.0,7,0.7,65.66666102097369
0.01,Residual MLP,3.2513533225115195e-09,6.713585423253501e-10,10,0.0006756188275082343,0.00012412415820137456,10,3.554118991484549e-05,2.0971370951718907e-06,10,0.0038109249583879513,1.6252082857501584e-05,10,290,29.0,0,0.0,0,0.0,131.75736138401552
0.05,Direct MLP,8.570046504001921e-08,3.45880176603536e-08,10,0.0031245143829628248,0.0005986915494919405,10,0.00023497404313161941,4.42746897456734e-05,10,0.0037799929937314277,8.573679701547005e-05,10,290,29.0,0,0.0,4,0.4,77.96599230230785
0.05,Direct MLP + $y_{\mathrm{base}}$ input,1.1543053517724302e-07,2.3378661540399845e-08,10,0.003233076970535642,0.0006680954270056177,10,0.00028582660041222676,4.0145912588413355e-05,10,0.00372421986899059,0.00010013411593182896,10,290,29.0,0,0.0,6,0.6,66.77993505634367
0.05,Residual MLP,6.422123720650347e-09,1.4172274734964546e-09,10,0.0009528689108125437,0.0001101930205688265,10,5.864807097678584e-05,8.049728493810562e-06,10,0.003836502712165285,1.607018951527062e-05,10,290,29.0,0,0.0,0,0.0,120.8638826072216
0.1,Direct MLP,8.570046504001921e-08,3.45880176603536e-08,10,0.0031245143829628248,0.0005986915494919405,10,0.00023497404313161941,4.42746897456734e-05,10,0.0037799929937314277,8.573679701547005e-05,10,290,29.0,0,0.0,4,0.4,78.42116255499423
0.1,Direct MLP + $y_{\mathrm{base}}$ input,1.1882841420234634e-07,2.7236730049511836e-08,10,0.003361477042951891,0.0007792581306778548,10,0.00027832160319653433,3.9692731292227964e-05,10,0.0037758873267729567,7.96100393925103e-05,10,290,29.0,0,0.0,6,0.6,69.73713800725527
0.1,Residual MLP,1.5087726792238907e-08,2.8240846264284068e-09,10,0.0011857604816594123,0.00024063446581631931,10,7.615522606854854e-05,1.020765240686028e-05,10,0.003821943449506674,2.0467122721721158e-05,10,290,29.0,0,0.0,0,0.0,95.22872483888641
0.25,Direct MLP,8.570046504001921e-08,3.45880176603536e-08,10,0.0031245143829628248,0.0005986915494919405,10,0.00023497404313161941,4.42746897456734e-05,10,0.0037799929937314277,8.573679701547005e-05,10,290,29.0,0,0.0,4,0.4,78.63719733031466
0.25,Direct MLP + $y_{\mathrm{base}}$ input,1.959414962642418e-07,2.643242369428312e-08,10,0.004633805214020361,0.0006658523068420534,10,0.0003117901129755415,3.0704861063615594e-05,10,0.0037324478202594756,5.15944291313936e-05,10,290,29.0,0,0.0,5,0.5,78.40509989722632
0.25,Residual MLP,1.3159267989992188e-07,1.3110569368887336e-08,10,0.003177060407019311,0.0005660558744098065,10,0.000218186854924938,1.9032129179994572e-05,10,0.0037675103859346006,6.888557294270505e-05,10,290,29.0,0,0.0,0,0.0,116.88780249692499
0.5,Direct MLP,8.570046504001921e-08,3.45880176603536e-08,10,0.0031245143829628248,0.0005986915494919405,10,0.00023497404313161941,4.42746897456734e-05,10,0.0037799929937314277,8.573679701547005e-05,10,290,29.0,0,0.0,4,0.4,78.78210428510792
0.5,Direct MLP + $y_{\mathrm{base}}$ input,1.5358641270408586e-07,2.5313982722116782e-08,10,0.004550269736734538,0.0009907637142216729,10,0.0003313118764399858,7.320447636984285e-05,10,0.003745226494290215,5.8328335251301907e-05,10,290,29.0,0,0.0,5,0.5,85.54296707333997
0.5,Residual MLP,1.7756097911138395e-07,2.238364180624405e-08,10,0.007092208196849342,0.0006732142231910029,10,0.00036431872192354176,7.237781943637805e-05,10,0.0037339758388643396,7.012678409757207e-05,10,290,29.0,0,0.0,0,0.0,120.3163897564169
