fraction,n_train,lambda,seed,E_traj,E_cross,E_over,E_eq,n_cross,n_cross_fail,n_cross_spurious,n_traj,train_time_s,epochs_run,n_params
100\% (56),56,0.0,0,1.6526271193050286e-08,0.0007906473135655123,8.429033636434917e-05,4.919484278163392e-05,4,0,0,12,40.69603302003816,1500,4481
100\% (56),56,0.01,0,2.7711266533952432e-08,0.0002765189195476081,0.0002024769599717017,8.820881245839389e-05,4,0,0,12,30.73959371028468,784,4481
100\% (56),56,0.1,0,2.4608624522426153e-08,0.0007272584670743043,0.0001692455006311322,9.70601022075394e-05,4,0,0,12,35.54139129491523,940,4481
100\% (56),56,1.0,0,9.933672631933617e-08,0.0012556186977042139,0.00034851391049702435,0.00013457026381563653,4,0,0,12,38.16554211033508,976,4481
100\% (56),56,0.0,1,3.423057814385197e-08,0.0006210598030307879,9.819771190574163e-05,5.0255637402518705e-05,4,0,0,12,37.948116017039865,1322,4481
100\% (56),56,0.01,1,1.725087105683434e-08,0.0016236516953336,9.3778605677682e-05,8.50641137023304e-05,4,0,0,12,51.1255317251198,1336,4481
100\% (56),56,0.1,1,5.9327310562859136e-08,0.002186794463492278,0.0001660905877402715,0.0001464260159262006,4,0,0,12,27.210554843768477,699,4481
100\% (56),56,1.0,1,5.645866451403554e-07,0.003968047954628448,0.0003407724560579399,0.0005037364098384178,4,0,0,12,28.565340888686478,750,4481
100\% (56),56,0.0,2,3.670461162964535e-08,0.0014083810699237614,0.00013595882596373343,6.653264137692257e-05,4,0,0,12,25.59160425281152,917,4481
100\% (56),56,0.01,2,1.1790096684868997e-07,0.0020872583005566714,0.00024150249155667028,0.0001614290673853843,4,0,0,12,22.686565035022795,583,4481
100\% (56),56,0.1,2,3.969025570057984e-08,0.0005949721955518933,0.0002754634970605352,7.963131581047629e-05,4,0,0,12,27.003104162868112,729,4481
100\% (56),56,1.0,2,8.225743674802687e-08,0.002349129816477044,0.00033297242006752326,0.00015190701954479838,4,0,0,12,42.20299879088998,1126,4481
50\% (28),28,0.0,0,2.0662863536852311e-07,0.0024512244072956435,0.0003854647574668875,0.0002517660056209903,4,0,0,12,14.267051353119314,960,4481
50\% (28),28,0.01,0,8.85842580261502e-08,0.0015140138885006427,0.00034795267921487277,0.00013295203246978712,4,0,0,12,20.931402540765703,1025,4481
50\% (28),28,0.1,0,1.2096242720624231e-07,0.00065801411862558,8.045867811538414e-05,0.00025769186782037545,4,0,0,12,21.92892469605431,1056,4481
50\% (28),28,1.0,0,1.819129473484739e-07,0.003068900938469399,0.0002737164230064426,0.00015243343415262864,4,0,0,12,27.15101091330871,1293,4481
50\% (28),28,0.0,1,3.176571726228957e-07,0.001600315072134137,0.00014401894733688062,0.00012919469981370613,4,0,0,12,13.549126412253827,894,4481
50\% (28),28,0.01,1,3.760152290178922e-07,0.003070636072507127,0.00017050965171853486,0.00018775473814023705,4,0,0,12,12.367286397144198,583,4481
50\% (28),28,0.1,1,7.233439714399914e-08,0.002881710047309735,0.00023050382966542196,0.00022814960917344473,4,0,0,12,19.434951526112854,938,4481
50\% (28),28,1.0,1,2.9366011619581543e-07,0.0015624574412307773,0.0005146909940469587,0.00029845499022294425,4,0,0,12,22.65370336221531,1087,4481
50\% (28),28,0.0,2,3.571065470387627e-08,0.0016200860369753184,0.00011665327812804271,0.00010930256255919923,4,0,0,12,22.10531045915559,1500,4481
50\% (28),28,0.01,2,1.5738924433994385e-07,0.0014813954836267185,0.00029027525128721976,0.00016972637074743244,4,0,0,12,17.683213625103235,865,4481
50\% (28),28,0.1,2,6.833483083140358e-08,0.0019111721674670568,0.00022207776015873795,9.164329015222868e-05,4,0,0,12,25.01400762796402,1222,4481
50\% (28),28,1.0,2,4.600004777635765e-07,0.00718007529874945,0.0009954508931551513,0.0001998238958427767,4,0,0,12,19.91510932892561,970,4481
25\% (14),14,0.0,0,1.2148503938704252e-06,0.002343751267261454,0.0012349326836832986,0.00023587440145210006,4,0,0,12,11.860527913086116,1500,4481
25\% (14),14,0.01,0,1.3991067874427685e-06,0.0010703814986239846,0.0009910017468461874,0.000402224884675025,4,0,0,12,8.864416535012424,775,4481
25\% (14),14,0.1,0,1.3839000694092951e-06,0.0023486066947357026,0.0008610049797187861,0.000499595708790416,4,0,0,12,8.762660844251513,759,4481
25\% (14),14,1.0,0,1.7286274573939445e-06,0.00558980414504634,0.0015443988489556675,0.0006254684206507913,4,0,0,12,15.717964198905975,1349,4481
25\% (14),14,0.0,1,2.667297429410531e-06,0.007954073613234289,0.0015471342552913863,0.0011075264725358875,4,0,0,12,4.784177692141384,601,4481
25\% (14),14,0.01,1,3.303737112851287e-06,0.01628862189780897,0.0024524967694305455,0.0014086641363718806,4,0,0,12,4.412913637235761,391,4481
25\% (14),14,0.1,1,2.282029046942439e-06,0.00572184633097958,0.0005278151723351702,0.0004915626955869409,4,0,0,12,8.590355964377522,756,4481
25\% (14),14,1.0,1,2.410266554919674e-06,0.005463124743640038,0.000811571494131987,0.0004540117814594476,4,0,0,12,10.99046362331137,947,4481
25\% (14),14,0.0,2,1.4454376758661233e-06,0.001374515361655268,0.0007688640522376758,0.00044218610556932364,4,0,0,12,5.761808092240244,737,4481
25\% (14),14,0.01,2,1.2095673252038836e-06,0.004766641460334245,0.0008041741621518939,0.0006726361803629696,4,0,0,12,7.41834803018719,618,4481
25\% (14),14,0.1,2,4.079139239763518e-06,0.009579865155498982,0.0017762514381326477,0.0006413985527279528,4,0,0,12,6.996086811181158,621,4481
25\% (14),14,1.0,2,2.2624327965956523e-06,0.007938220732175288,0.001232715374152334,0.0005390374110366136,4,0,0,12,17.481001815758646,1500,4481
