fraction,lambda,E_traj_mean,E_traj_ci,E_traj_n,E_cross_mean,E_cross_ci,E_cross_n,E_over_mean,E_over_ci,E_over_n,E_eq_mean,E_eq_ci,E_eq_n,n_cross_total,n_cross_per_seed,n_cross_fail_total,n_cross_fail_per_seed,n_cross_spurious_total,n_cross_spurious_per_seed,train_time_s_mean
100\% (56),0.0,2.9153820322182537e-08,2.7339225882196213e-08,3,0.0009400293955066872,0.0010293594941181772,3,0.0001061489580779414,6.641642827239504e-05,3,5.5327707187025066e-05,2.4141452260337434e-05,3,12,4.0,0,0.0,0,0.0,34.74525109662985
100\% (56),0.01,5.428770147982558e-08,1.3746825352705962e-07,3,0.0013291429718126264,0.002336602984516038,3,0.0001792526857353513,0.00019016413782244084,3,0.00011156733118203619,0.00010733995660459486,3,12,4.0,0,0.0,0,0.0,34.85056349014243
100\% (56),0.1,4.120873026195504e-08,4.324655553613083e-08,3,0.001169675042039492,0.002194316126020978,3,0.0002035998618106463,0.0001546517868042707,3,0.00010770581131473875,8.606672635986939e-05,3,12,4.0,0,0.0,0,0.0,29.918350100517273
100\% (56),1.0,2.4872693606923947e-07,6.798483705279928e-07,3,0.0025242654896032355,0.003390026652494611,3,0.0003407529288741625,1.9303646947602773e-05,3,0.00026340456439961755,0.0005174804553606934,3,12,4.0,0,0.0,0,0.0,36.31129392997051
50\% (28),0.0,1.8666548756509835e-07,3.52820630081591e-07,3,0.0018905418388016997,0.0012064611393870605,3,0.00021537899431060362,0.0003674852942084582,3,0.00016342108933129854,0.00019165798539578572,3,12,4.0,0,0.0,0,0.0,16.64049607484291
50\% (28),0.01,2.073295771279954e-07,3.728248664856732e-07,3,0.002022015148211496,0.0022562896112585736,3,0.0002695791940735425,0.000224848800268496,3,0.00016347771378581887,6.938345704790166e-05,3,12,4.0,0,0.0,0,0.0,16.99396752100438
50\% (28),0.1,8.7210551727215e-08,7.278103623501717e-08,3,0.0018169654444674572,0.002769409234931776,3,0.00017768008931318136,0.0002094166657890456,3,0.0001924949223820163,0.00022004574095245687,3,12,4.0,0,0.0,0,0.0,22.125961283377062
50\% (28),1.0,3.118578471026219e-07,3.476154361289943e-07,3,0.003937144559483209,0.007223158641272519,3,0.0005946194367361842,0.0009127865176787732,3,0.00021690410673944985,0.00018505365276115407,3,12,4.0,0,0.0,0,0.0,23.23994120148321
25\% (14),0.0,1.7758618330490266e-06,1.939037272226722e-06,3,0.0038907800807170038,0.008823977562573002,3,0.0011836436637374535,0.0009729421150860137,3,0.0005951956598524371,0.0011315875139251352,3,12,4.0,0,0.0,0,0.0,7.468837899155915
25\% (14),0.01,1.9708037418326463e-06,2.877222229542117e-06,3,0.007375214952255733,0.019717576395843938,3,0.0014158908928095422,0.002242118274405043,3,0.0008278417338032917,0.0012938913669100036,3,12,4.0,0,0.0,0,0.0,6.898559400811791
25\% (14),0.1,2.5816894520384172e-06,3.409179963221502e-06,3,0.005883439393738088,0.008988446133819892,3,0.0010550238633955345,0.0016058384874845218,3,0.0005441856523684366,0.00020937454638511705,3,12,4.0,0,0.0,0,0.0,8.116367873270065
25\% (14),1.0,2.1337756029697566e-06,8.907373459796839e-07,3,0.006330383206953889,0.0034625601057887705,3,0.0011962285724133293,0.000913600360884052,3,0.0005395058710489509,0.00021296333632587897,3,12,4.0,0,0.0,0,0.0,14.72980987932533
