model,seed,E_traj,E_cross,E_over,E_eq,n_cross,n_cross_fail,n_cross_spurious,n_traj,train_time_s,epochs_run,n_params,gp_kernel,gp_n_sub,rtol,atol,solver
Direct MLP (no baseline),0,1.2266796218696478e-07,0.0018291004397716,0.0005073592916501,0.0002404673177474,22,0,0,45,81.91197350202128,917.0,4481,,,,,
Direct MLP + $u_{\mathrm{OU}}$ input,0,1.6159018775434268e-07,0.0023820680662345,0.0005219619707762,0.0002783821715199,22,0,0,45,95.76777797518298,1043.0,4545,,,,,
Unscaled residual (difference model),0,4.918607951725704e-08,0.0013763872567647,0.0003483131496256,0.0001603994601634,22,0,0,45,63.977311704773456,695.0,4481,,,,,
Scaled residual MLP (proposed),0,8.529180217717487e-09,0.0002837310957624,0.0001319555866993,6.874345239285477e-05,22,0,0,45,61.39704405795783,680.0,4481,,,,,
Direct MLP (no baseline),1,1.345119958283903e-07,0.0032810509967325,0.0004484363092293,0.0002442642827444,22,0,0,45,77.51176771288738,882.0,4481,,,,,
Direct MLP + $u_{\mathrm{OU}}$ input,1,1.7224505844415233e-07,0.0020767794106349,0.0007125430255093,0.0003706282111846,22,0,0,45,104.34354371391235,1175.0,4545,,,,,
Unscaled residual (difference model),1,3.6235764896804694e-08,0.001145532827168,0.000129919252635,9.089193705336364e-05,22,0,0,45,74.01550682075322,812.0,4481,,,,,
Scaled residual MLP (proposed),1,3.086809637308809e-09,0.000190402081806,5.283504841539314e-05,3.323113357053388e-05,22,0,0,45,107.27560977591202,1197.0,4481,,,,,
Direct MLP (no baseline),2,7.644180064358518e-08,0.0022579660608033,0.0004909690540676,0.0001677112158546,22,0,0,45,90.6366451648064,1023.0,4481,,,,,
Direct MLP + $u_{\mathrm{OU}}$ input,2,2.1154973202320907e-07,0.0022855046646497,0.0010925596928174,0.0003333766620277,22,0,0,45,73.21094030607492,815.0,4545,,,,,
Unscaled residual (difference model),2,1.9526088508068822e-08,0.0015132073272824,0.0001079706061996,0.0001112843715752,22,0,0,45,117.26033575693144,1284.0,4481,,,,,
Scaled residual MLP (proposed),2,3.219010136466721e-09,0.0002008697427295,4.358438784883351e-05,4.14716139567438e-05,22,0,0,45,85.97101331409067,944.0,4481,,,,,
Direct MLP (no baseline),3,1.3127292052099796e-07,0.0022922153630078,0.0005152945044432,0.0002339052650792,22,0,0,45,65.94430378824472,718.0,4481,,,,,
Direct MLP + $u_{\mathrm{OU}}$ input,3,1.7732290069074305e-07,0.0014324021438929,0.0007507437193207,0.0003575176158487,22,0,0,45,78.72517978399992,878.0,4545,,,,,
Unscaled residual (difference model),3,3.3922514796646196e-08,0.0017690702266349,0.0001598841020859,0.0001038748774333,22,0,0,45,81.93741985876113,902.0,4481,,,,,
Scaled residual MLP (proposed),3,4.9737090650311095e-09,0.0001145560132914,4.581059437300558e-05,5.7602696844780455e-05,22,0,0,45,80.29489147709683,914.0,4481,,,,,
Direct MLP (no baseline),4,9.940770891786553e-08,0.0016313787727126,0.00027073496167,0.000216664566391,22,0,0,45,64.24476217618212,702.0,4481,,,,,
Direct MLP + $u_{\mathrm{OU}}$ input,4,1.914063919548749e-07,0.0028306089491115,0.0008095684507575,0.0003131306023883,22,0,0,45,85.54295084206387,956.0,4545,,,,,
Unscaled residual (difference model),4,2.177459990177878e-08,0.0008174696185943,0.0002164274598236,8.38713210983154e-05,22,0,0,45,110.05463074101137,1205.0,4481,,,,,
Scaled residual MLP (proposed),4,5.63380615982266e-09,0.000275420498738,8.668526863392244e-05,7.040541228921072e-05,22,0,0,45,104.87486750027163,1209.0,4481,,,,,
Direct MLP (no baseline),5,1.442404811461466e-07,0.0031445650253356,0.0003049316365522,0.0002760685544177,22,0,0,45,92.81280717020854,1029.0,4481,,,,,
Direct MLP + $u_{\mathrm{OU}}$ input,5,1.4190106549855154e-07,0.001960581367913,0.0006685250930738,0.0002503346982852,22,0,0,45,89.09767549904063,1004.0,4545,,,,,
Unscaled residual (difference model),5,2.8145674875109295e-08,0.0006366025400134,0.0001991355477178,0.0001598236737996,22,0,0,45,72.6842372235842,797.0,4481,,,,,
Scaled residual MLP (proposed),5,4.950609854355671e-09,0.0003315348000675,4.766314416701809e-05,5.134935717124003e-05,22,0,0,45,76.92921543307602,858.0,4481,,,,,
Direct MLP (no baseline),6,2.104087102487701e-07,0.0024238373270197,0.0005596743322199,0.0003683892206048,22,0,0,45,55.51910720113665,631.0,4481,,,,,
Direct MLP + $u_{\mathrm{OU}}$ input,6,1.242763853741053e-07,0.0020115000766719,0.0007311234462401,0.0002059758317911,22,0,0,45,86.8230910981074,949.0,4545,,,,,
Unscaled residual (difference model),6,2.8846177537188016e-08,0.0010353162165288,0.0001848734264137,0.0001355151326033,22,0,0,45,87.70183127000928,961.0,4481,,,,,
Scaled residual MLP (proposed),6,3.2181723995510227e-09,0.0002238347444241,3.548303972099968e-05,3.357910417377911e-05,22,0,0,45,91.29909989284351,1020.0,4481,,,,,
Direct MLP (no baseline),7,8.454119252013896e-08,0.0016870924308195,0.0004423172891033,0.0002386490514594,22,0,0,45,103.589332528878,1198.0,4481,,,,,
Direct MLP + $u_{\mathrm{OU}}$ input,7,1.4786347490117805e-07,0.0020756723895139,0.0005592632070826,0.0004321208041234,22,0,0,45,106.47057337220758,1170.0,4545,,,,,
Unscaled residual (difference model),7,3.3995139947831525e-08,0.0010057872059989,0.0002286212693989,0.0001239667204086,22,0,0,45,64.51426505716518,747.0,4481,,,,,
Scaled residual MLP (proposed),7,4.9477214204305095e-09,0.0002585248986536,8.025010584581753e-05,4.151388108540506e-05,22,0,0,45,67.14660270418972,784.0,4481,,,,,
Direct MLP (no baseline),8,1.604989865264225e-07,0.0021631369316315,0.0007610745109179,0.0002753022828117,22,0,0,45,57.84788889018819,662.0,4481,,,,,
Direct MLP + $u_{\mathrm{OU}}$ input,8,1.9011838081293565e-07,0.001965179103056,0.0003689469748634,0.0002358714789184,22,0,0,45,98.39771662466228,1105.0,4545,,,,,
Unscaled residual (difference model),8,2.1608625854210746e-08,0.0007152959677715,0.0001813382727182,0.0001160069188527,22,0,0,45,106.16178409196436,1264.0,4481,,,,,
Scaled residual MLP (proposed),8,5.103130454163128e-09,0.0001907806811286,4.725597177750945e-05,3.487486206250858e-05,22,0,0,45,88.93545000441372,967.0,4481,,,,,
Direct MLP (no baseline),9,1.041541777759447e-07,0.0019982534367013,0.0004732541248512,0.000199719182801,22,0,0,45,75.33099994808435,852.0,4481,,,,,
Direct MLP + $u_{\mathrm{OU}}$ input,9,9.733921429067745e-08,0.0018387688966007,0.0006660850775576,0.0002122143396371,22,0,0,45,119.19144010078162,1306.0,4545,,,,,
Unscaled residual (difference model),9,4.468422084074061e-08,0.0022191229215127,0.0002502129371334,0.0001089923138001,22,0,0,45,67.21398642938584,775.0,4481,,,,,
Scaled residual MLP (proposed),9,4.0577681025435055e-09,0.0002240922942602,3.185897143221064e-05,2.4297261751968537e-05,22,0,0,45,76.6419783262536,843.0,4481,,,,,
"GP, zero mean",0,2.458756503746671e-09,2.221697875606524e-05,1.2612264054912004e-05,1.2209175673280924e-05,22,0,0,45,180.52702688332647,,5,"31.6**2 * RBF(length_scale=[1.37, 15.8, 0.343]) + WhiteKernel(noise_level=1e-10)",2000.0,,,
"GP, $u_{\mathrm{OU}}$ prior mean",0,1.5020206974441515e-09,1.569968837532677e-05,1.4995732425266478e-05,1.2013181703639395e-05,22,0,0,45,158.67688964866102,,5,"31.6**2 * RBF(length_scale=[1.2, 11.3, 0.272]) + WhiteKernel(noise_level=1e-10)",2000.0,,,
"GP, zero mean",1,1.841325701835532e-09,3.4413960522173345e-05,2.6254588746348833e-05,1.3726156507064424e-05,22,0,0,45,221.4171719411388,,5,"31.6**2 * RBF(length_scale=[1.11, 14.2, 0.295]) + WhiteKernel(noise_level=1e-10)",2000.0,,,
"GP, $u_{\mathrm{OU}}$ prior mean",1,1.553828306554902e-09,4.4028938865758744e-05,5.3442126956854745e-05,1.375355871227551e-05,22,0,0,45,181.5503239110112,,5,"31.6**2 * RBF(length_scale=[1.02, 10.9, 0.238]) + WhiteKernel(noise_level=1e-10)",2000.0,,,
"GP, zero mean",2,2.8113741916738596e-10,9.641767754170156e-05,1.0784314468429794e-05,3.6806421745680696e-05,22,0,0,45,168.49582412466407,,5,"31.6**2 * RBF(length_scale=[1.04, 17.6, 0.305]) + WhiteKernel(noise_level=1e-10)",2000.0,,,
"GP, $u_{\mathrm{OU}}$ prior mean",2,4.003155713386198e-10,5.235676742617777e-05,4.629747445651984e-05,4.468109576430339e-05,22,0,0,45,177.17451922688633,,5,"31.6**2 * RBF(length_scale=[0.942, 11.5, 0.256]) + WhiteKernel(noise_level=1e-10)",2000.0,,,
"GP, zero mean",3,1.0325452665869003e-09,5.6052610784188625e-05,8.23862150256538e-06,1.5711359170649747e-05,22,0,0,45,173.73946237377822,,5,"31.6**2 * RBF(length_scale=[1.42, 13.1, 0.305]) + WhiteKernel(noise_level=1e-10)",2000.0,,,
"GP, $u_{\mathrm{OU}}$ prior mean",3,7.991334092250779e-10,6.860661888000416e-05,7.128258869807761e-06,1.3858711799367522e-05,22,0,0,45,137.09836989920586,,5,"31.6**2 * RBF(length_scale=[1.24, 10.3, 0.267]) + WhiteKernel(noise_level=1e-10)",2000.0,,,
"GP, zero mean",4,8.21774727078376e-09,6.0433672813255754e-05,4.3763192538668095e-05,1.2746097638302896e-05,22,0,0,45,201.43274965509772,,5,"31.6**2 * RBF(length_scale=[1.4, 15, 0.264]) + WhiteKernel(noise_level=1e-10)",2000.0,,,
"GP, $u_{\mathrm{OU}}$ prior mean",4,8.43341817767204e-09,3.6746623139139786e-05,2.8635959004584697e-05,1.6813945156964514e-05,22,0,0,45,194.44377675279975,,5,"31.6**2 * RBF(length_scale=[1.11, 11.5, 0.243]) + WhiteKernel(noise_level=1e-10)",2000.0,,,
"GP, zero mean",5,1.0563867761393874e-09,3.6798384180795265e-05,2.944440782307723e-05,2.3032813480754972e-05,22,0,0,45,154.01727638952434,,5,"31.6**2 * RBF(length_scale=[1.13, 15.6, 0.29]) + WhiteKernel(noise_level=1e-10)",2000.0,,,
"GP, $u_{\mathrm{OU}}$ prior mean",5,1.2319536698790508e-09,2.2125875957370765e-05,6.028228396341243e-05,2.809982950775256e-05,22,0,0,45,168.82538131438196,,5,"31.6**2 * RBF(length_scale=[0.924, 11.5, 0.261]) + WhiteKernel(noise_level=1e-10)",2000.0,,,
"GP, zero mean",6,1.641369837485253e-09,3.0520351684936644e-05,1.3696036901449877e-05,1.185730883846128e-05,22,0,0,45,107.80917184147984,,5,"31.6**2 * RBF(length_scale=[1.29, 15.2, 0.322]) + WhiteKernel(noise_level=1e-10)",2000.0,,,
"GP, $u_{\mathrm{OU}}$ prior mean",6,1.52018286989453e-09,2.2169726447207856e-05,1.5272252539662765e-05,1.1195095481540838e-05,22,0,0,45,142.72639634553343,,5,"31.6**2 * RBF(length_scale=[1.06, 11.2, 0.275]) + WhiteKernel(noise_level=1e-10)",2000.0,,,
"GP, zero mean",7,1.5705279798414051e-09,2.205961834388282e-05,1.171882301301213e-05,1.1209199675136598e-05,22,0,0,45,170.72248958051205,,5,"31.6**2 * RBF(length_scale=[1.2, 15.6, 0.331]) + WhiteKernel(noise_level=1e-10)",2000.0,,,
"GP, $u_{\mathrm{OU}}$ prior mean",7,1.3994409428209511e-09,1.77079293385859e-05,9.52706607038303e-06,1.5248507718639777e-05,22,0,0,45,122.80621955450624,,5,"31.6**2 * RBF(length_scale=[1.05, 11.7, 0.286]) + WhiteKernel(noise_level=1e-10)",2000.0,,,
"GP, zero mean",8,1.4163684045947668e-08,3.9255368870871385e-05,8.603141429514634e-06,1.2188206367186932e-05,22,0,0,45,176.4116543950513,,5,"31.6**2 * RBF(length_scale=[1.18, 12.7, 0.414]) + WhiteKernel(noise_level=1e-10)",2000.0,,,
"GP, $u_{\mathrm{OU}}$ prior mean",8,1.525089521125597e-08,2.192380215403267e-05,3.390510946907652e-06,1.1412827886895608e-05,22,0,0,45,168.41376036033034,,5,"31.6**2 * RBF(length_scale=[1.01, 9.51, 0.362]) + WhiteKernel(noise_level=1e-10)",2000.0,,,
"GP, zero mean",9,9.240786212842091e-10,2.583697250901717e-05,8.82857923779253e-06,1.0704767649441195e-05,22,0,0,45,161.65462445188314,,5,"31.6**2 * RBF(length_scale=[1.26, 14.3, 0.356]) + WhiteKernel(noise_level=1e-10)",2000.0,,,
"GP, $u_{\mathrm{OU}}$ prior mean",9,7.12317257979462e-10,1.1892647725303409e-05,9.905367986758525e-06,1.0844115741099398e-05,22,0,0,45,238.08983116876337,,5,"31.6**2 * RBF(length_scale=[1.1, 10.9, 0.304]) + WhiteKernel(noise_level=1e-10)",2000.0,,,
Neural ODE (full field),0,3.0296164821004463e-05,0.0290372504658113,0.0007081611263001,0.000759236020066,22,0,0,45,308.3042462388985,1500.0,4481,,,1e-06,1e-08,dopri5
Residual Neural ODE,0,1.2285383664251945e-06,0.0056869332712762,0.0001485718151152,0.0005216151583094,22,0,0,45,308.37865664064884,1500.0,4481,,,1e-06,1e-08,dopri5
Neural ODE (full field),1,0.0006422991368368,0.1613687817874216,0.0148020396604052,0.0306235998761754,22,0,0,45,35.14460627594963,159.0,4481,,,1e-06,1e-08,dopri5
Residual Neural ODE,1,5.815614144916421e-07,0.0035983414963328,0.0001067370388609,0.0004819793940814,22,0,0,45,296.8786775083281,1500.0,4481,,,1e-06,1e-08,dopri5
Neural ODE (full field),2,4.173988862084566e-05,0.0256334230251396,0.000801335107013,0.0012492300301108,22,0,0,45,302.36167376535013,1500.0,4481,,,1e-06,1e-08,dopri5
Residual Neural ODE,2,1.1442897600722677e-06,0.0057789806137468,0.000209507508025,0.0007910498141693,22,0,0,45,306.68562146788463,1500.0,4481,,,1e-06,1e-08,dopri5
Neural ODE (full field),3,5.914378562454104e-06,0.0157516551310022,0.0002700426339369,0.000474922589078,22,0,0,45,297.8801943180151,1500.0,4481,,,1e-06,1e-08,dopri5
Residual Neural ODE,3,1.399738589793263e-06,0.0064964249705346,0.0001917108856427,0.0005606442797083,22,0,0,45,308.27543859323487,1500.0,4481,,,1e-06,1e-08,dopri5
Neural ODE (full field),4,2.576076826393621e-05,0.0461462393162923,0.0004335214668423,0.0016116437091991,22,0,0,45,298.24966378416866,1500.0,4481,,,1e-06,1e-08,dopri5
Residual Neural ODE,4,9.90212929034037e-07,0.0048410959358309,0.0002336619591833,0.0008647392300664,22,0,0,45,304.9525506282225,1500.0,4481,,,1e-06,1e-08,dopri5
