level,family,nx,dt,L,n_modes_rho0,T_acc,T_x,T_x_minus_T_acc,max_excess,u0,u_Tmax,u_inf,u_star,final_error_Tmax,L1_to_stationary,abs_u_inf_minus_u_star,mass_drift,mean_T,wall_s,scheme,max_step,rtol,atol,background,nfev,njev,nlu,t_long,u_long,mass_long
coarse,Gaussian,256,0.0002,6.0,1,1.2604939023974993,1.2549787956923881,-0.005515106705111128,0.0471545294730642,0.3600013967778597,1.0471545294730642,1.0471734437761497,1.047722557505166,1.8914303085537654e-05,0.00018894576175695622,0.0005491137290163373,6.661338147750939e-16,1.6653345369377348e-16,9.632278538309038,bdf,0.0002,1e-08,1e-11,1e-08,50018,1,4850,20.0,1.0471734437761497,0.9999999999999996
ref.,Gaussian,512,0.0001,6.0,1,1.256627367189846,1.2552426250168391,-0.001384742173006881,0.04756649775922006,0.3600013967943392,1.04756649775922,1.0475854225093935,1.047722557505166,1.892475017339912e-05,4.724358924394983e-05,0.00013713499577261423,1.2212453270876722e-15,0.0,25.822800057008862,bdf,0.0001,1e-08,1e-11,1e-08,100014,1,8064,20.0,1.0475854225093935,0.9999999999999989
fine,Gaussian,1024,5e-05,6.0,1,1.2556639585512486,1.2553075913131069,-0.00035636723814169713,0.04766949150736277,0.360001396798459,1.0476694915073628,1.0476884188775446,1.047722557505166,1.892737018183155e-05,1.1813356979770394e-05,3.4138627621471684e-05,1.2212453270876722e-15,0.0,71.18045981414616,bdf,5e-05,1e-08,1e-11,1e-08,200014,1,24756,20.0,1.0476884188775446,0.9999999999999993
coarse,Gaussian,256,0.0002,8.0,1,1.2645814838543283,1.2547138925804875,-0.009867591273840848,0.04672712258289602,0.3600033556807132,1.046727122582896,1.0467460255731744,1.047722557505166,1.8902990278402143e-05,0.0003359986388497681,0.0009765319319916532,1.6653345369377348e-15,5.551115123125783e-17,9.08894596900791,bdf,0.0002,1e-08,1e-11,1e-08,50018,1,4792,20.0,1.0467460255731744,0.9999999999999994
ref.,Gaussian,512,0.0001,8.0,1,1.2576258024535847,1.2551899071854395,-0.0024358952681451385,0.04745949720664311,0.36000335571977554,1.047459497206643,1.0474784187878743,1.047722557505166,1.8921581231179374e-05,8.398920689617146e-05,0.00024413871729178638,1.3322676295501878e-15,1.1102230246251565e-16,21.25438889488578,bdf,0.0001,1e-08,1e-11,1e-08,100014,1,8059,20.0,1.0474784187878743,1.0000000000000013
fine,Gaussian,1024,5e-05,8.0,1,1.2559127647156614,1.2553077419161491,-0.0006050227995122448,0.04764259623604672,0.3600033557295411,1.0476425962360467,1.0476615224417594,1.047722557505166,1.8926205712643807e-05,2.0995168029092083e-05,6.103506340671139e-05,9.992007221626409e-16,5.551115123125783e-17,55.91617276147008,bdf,5e-05,1e-08,1e-11,1e-08,200014,1,24757,20.0,1.0476615224417594,0.9999999999999996
coarse,Symmetric bimodal,256,0.0002,6.0,2,1.2580893811832838,1.2525564921386014,-0.00553288904468241,0.047154624786731825,0.3600013967778598,1.0471546247867318,1.04717344377614,1.047722557505166,1.8818989408142528e-05,0.00018894576176128918,0.0005491137290261072,1.2212453270876722e-15,0.0,8.379530793055892,bdf,0.0002,1e-08,1e-11,1e-08,50438,3,4897,20.0,1.04717344377614,1.0
ref.,Symmetric bimodal,512,0.0001,6.0,2,1.2542058734304564,1.252813648947549,-0.0013922244829074337,0.04756659182145251,0.3600013967943392,1.0475665918214525,1.047585422508806,1.047722557505166,1.8830687353421638e-05,4.724358949942756e-05,0.00013713499636014426,1.7763568394002505e-15,-3.3306690738754696e-16,23.69376737717539,bdf,0.0001,1e-08,1e-11,1e-08,107882,1,10448,20.0,1.047585422508806,0.9999999999999991
fine,Symmetric bimodal,1024,5e-05,6.0,2,1.2532356431252105,1.2528769515389333,-0.00035869158627721554,0.04766958726018666,0.360001396798459,1.0476695872601867,1.0476884188773856,1.047722557505166,1.883161719895554e-05,1.1813357049531826e-05,3.413862778045562e-05,6.661338147750939e-16,-2.498001805406602e-16,57.87659694068134,bdf,5e-05,1e-08,1e-11,1e-08,200505,1,25873,20.0,1.0476884188773856,1.0
coarse,Symmetric bimodal,256,0.0002,8.0,2,1.2621650995901954,1.2522984198683864,-0.00986667972180899,0.046727217532799514,0.3600033556807132,1.0467272175327995,1.0467460255728565,1.047722557505166,1.8808040056939035e-05,0.00033599863898557377,0.0009765319323096211,1.6653345369377348e-15,1.1102230246251565e-16,8.153860500082374,bdf,0.0002,1e-08,1e-11,1e-08,50180,1,5028,20.0,1.0467460255728565,0.9999999999999987
ref.,Symmetric bimodal,512,0.0001,8.0,2,1.25521136612304,1.2527626008980166,-0.0024487652250233527,0.047459592778929194,0.36000335571977565,1.0474595927789292,1.0474784187875845,1.047722557505166,1.882600865532602e-05,8.398920702352874e-05,0.0002441387175815546,2.220446049250313e-15,-2.220446049250313e-16,20.007788628339767,bdf,0.0001,1e-08,1e-11,1e-08,100365,2,8058,20.0,1.0474784187875845,1.0000000000000022
fine,Symmetric bimodal,1024,5e-05,8.0,2,1.2534862002027887,1.2528774670226372,-0.0006087331801514217,0.047642691964709716,0.3600033557295413,1.0476426919647097,1.0476615224653558,1.047722557505166,1.8830500646105364e-05,2.099515782666867e-05,6.1035039810253267e-05,1.3322676295501878e-15,4.440892098500626e-16,57.9839471289888,bdf,5e-05,1e-08,1e-11,1e-08,200374,1,25714,20.0,1.0476615224653558,1.0000000000000009
coarse,Asymmetric bimodal,256,0.0002,6.0,2,1.2574649898771868,1.2519425740534165,-0.0055224158237703325,0.04715464949003234,0.36000139677785975,1.0471546494900323,1.0471734437761375,1.047722557505166,1.8794286105183744e-05,0.00018894576176270677,0.0005491137290285497,8.881784197001252e-16,-1.5657142249381195e-11,8.571559836156666,bdf,0.0002,1e-08,1e-11,1e-08,50512,2,5137,20.0,1.0471734437761375,1.0000000000000004
ref.,Asymmetric bimodal,512,0.0001,6.0,2,1.2535746928393117,1.2521986970823402,-0.0013759957569714487,0.04756661820665431,0.3600013967943393,1.0475666182066543,1.0475854225071415,1.047722557505166,1.8804300487174075e-05,4.724359022253474e-05,0.00013713499802459062,8.881784197001252e-16,-1.5687617871407156e-11,20.988606626167893,bdf,0.0001,1e-08,1e-11,1e-08,100990,2,8121,20.0,1.0475854225071415,0.9999999999999998
fine,Asymmetric bimodal,1024,5e-05,6.0,2,1.2526027534511934,1.2522617287026934,-0.0003410247485000628,0.04766961206215026,0.36000139679845905,1.0476696120621503,1.0476884188770916,1.047722557505166,1.8806814941374483e-05,1.1813357177067898e-05,3.413862807444268e-05,8.881784197001252e-16,-1.5693030208652203e-11,57.13091082684696,bdf,5e-05,1e-08,1e-11,1e-08,200383,1,25597,20.0,1.0476884188770916,0.9999999999999998
coarse,Asymmetric bimodal,256,0.0002,8.0,2,1.2615346410538553,1.2516856701708525,-0.009848970883002739,0.04672724215179436,0.3600033556807131,1.0467272421517944,1.0467460255727472,1.047722557505166,1.878342095285035e-05,0.0003359986390347661,0.000976531932418867,8.881784197001252e-16,-2.7755575615628914e-16,8.473322788253427,bdf,0.0002,1e-08,1e-11,1e-08,50092,1,4847,20.0,1.0467460255727472,1.0000000000000007
ref.,Asymmetric bimodal,512,0.0001,8.0,2,1.2545819392455235,1.2521480179212117,-0.0024339213243118607,0.04745961754060435,0.3600033557197756,1.0474596175406043,1.0474784187876007,1.047722557505166,1.8801246996380527e-05,8.398920701658188e-05,0.00024413871756534533,2.4424906541753444e-15,-1.6653345369377348e-16,21.949119647033513,bdf,0.0001,1e-08,1e-11,1e-08,100377,1,9080,20.0,1.0474784187876007,1.0000000000000022
fine,Asymmetric bimodal,1024,5e-05,8.0,2,1.2528537538555207,1.2522624325988454,-0.0005913212566752701,0.047642716760724735,0.3600033557295413,1.0476427167607247,1.0476615224655825,1.047722557505166,1.880570485779387e-05,2.0995157726872976e-05,6.1035039583545725e-05,8.881784197001252e-16,1.6653345369377348e-16,54.822428598068655,bdf,5e-05,1e-08,1e-11,1e-08,200276,1,25442,20.0,1.0476615224655825,0.9999999999999993
coarse,Laplace,256,0.0002,6.0,1,1.2569752515409813,1.2514271402430364,-0.005548111297944969,0.04715466880601715,0.36015508130711155,1.0471546688060172,1.047173443776136,1.047722557505166,1.877497011881779e-05,0.00018894576176391143,0.000549113729030104,8.881784197001252e-16,0.0,9.532736741006374,bdf,0.0002,1e-08,1e-11,1e-08,50240,1,4851,20.0,1.047173443776136,1.0000000000000009
ref.,Laplace,512,0.0001,6.0,1,1.253157553260494,1.2517638735907743,-0.0013936796697195941,0.04756663453987087,0.3600175450657819,1.0475666345398709,1.0475854225088692,1.047722557505166,1.8787968998346116e-05,4.7243589473153796e-05,0.00013713499629686154,8.881784197001252e-16,-1.6653345369377348e-16,20.551655030809343,bdf,0.0001,1e-08,1e-11,1e-08,100300,1,8047,20.0,1.0475854225088692,1.0000000000000004
fine,Laplace,1024,5e-05,6.0,1,1.2522039037448285,1.2518469524597253,-0.00035695128510315755,0.04766962765172722,0.3599832002707958,1.0476696276517272,1.047688418877406,1.047722557505166,1.879122567882696e-05,1.1813357040377725e-05,3.413862776002752e-05,8.881784197001252e-16,-1.6653345369377348e-16,55.97454644739628,bdf,5e-05,1e-08,1e-11,1e-08,200347,1,24735,20.0,1.047688418877406,0.9999999999999994
coarse,Laplace,256,0.0002,8.0,1,1.2609373844624185,1.2510656338345585,-0.009871750627860054,0.04672726539546179,0.36032912727705435,1.0467272653954618,1.0467460255726255,1.047722557505166,1.876017716373468e-05,0.00033599863908703796,0.0009765319325405475,8.881784197001252e-16,1.1102230246251565e-16,8.119108752347529,bdf,0.0002,1e-08,1e-11,1e-08,50194,1,4788,20.0,1.0467460255726255,1.0000000000000009
ref.,Laplace,512,0.0001,8.0,1,1.2541248230729045,1.2516721175559364,-0.002452705516968079,0.04745963547045151,0.36008432283794134,1.0474596354704515,1.0474784187875275,1.047722557505166,1.8783317075943273e-05,8.398920704546489e-05,0.00024413871763862005,1.5543122344752192e-15,-3.3306690738754696e-16,20.793879880569875,bdf,0.0001,1e-08,1e-11,1e-08,100252,1,8035,20.0,1.0474784187875275,0.9999999999999994
fine,Laplace,1024,5e-05,8.0,1,1.2524290053591036,1.251822315598024,-0.0006066897610796929,0.04764273336820235,0.3600232457643789,1.0476427333682024,1.0476615224688375,1.047722557505166,1.8789100635130396e-05,2.0995156319383624e-05,6.103503632859386e-05,9.992007221626409e-16,5.551115123125783e-17,58.7018672125414,bdf,5e-05,1e-08,1e-11,1e-08,200309,1,24731,20.0,1.0476615224688375,0.9999999999999993
