regime,model,seed,E_traj,E_cross,E_over,E_eq,n_cross,n_cross_fail,n_cross_spurious,n_traj,train_time_s,epochs_run,n_params
Low variance,Direct MLP,0,2.2610817570158728e-05,0.008866548343105119,0.0001389170107765625,0.00036056040534846086,120,0,0,120,81.2390373502858,917,4481
Low variance,Residual MLP,0,1.3661448909373297e-05,0.0039669769107845716,3.9387219111863826e-05,7.485012521091609e-05,120,0,0,120,61.01862233085558,680,4481
High variance,Direct MLP,0,0.004237760804773057,,0.34043564609974897,0.0015633919327638932,0,0,0,120,81.2390373502858,917,4481
High variance,Residual MLP,0,2.575040961036633e-06,,0.00041665224415082434,0.00010091942485357386,0,0,0,120,61.01862233085558,680,4481
High Fisher strength,Direct MLP,0,0.0026991455093698614,0.18620464684191654,0.045641364668261034,0.05355372223017504,34,1,0,120,81.2390373502858,917,4481
High Fisher strength,Residual MLP,0,0.0003423644627060133,0.014595336995312116,0.013700059785542774,0.017332047336069183,34,0,0,120,61.01862233085558,680,4481
Longer time,Direct MLP,0,7.951561703731065e-05,,0.008540631144279826,0.01360830219966595,0,0,0,120,81.2390373502858,917,4481
Longer time,Residual MLP,0,5.901145117632134e-07,,0.0009218272676740598,0.0011478718608594952,0,0,0,120,61.01862233085558,680,4481
Low variance,Direct MLP,1,2.0630514829483383e-05,0.00910817280562424,0.0003706533115635328,0.0003222135739220977,120,0,0,120,80.52916258387268,882,4481
Low variance,Residual MLP,1,7.963067830922162e-06,0.0016671137945867664,4.326857188400682e-06,0.00011141010104075422,120,0,0,120,108.1083107679151,1197,4481
High variance,Direct MLP,1,0.005367161751197713,,0.37910745096718923,0.002847307148565657,0,0,0,120,80.52916258387268,882,4481
High variance,Residual MLP,1,9.103083029260283e-07,,0.0007155073869539064,0.00015459272084116608,0,0,0,120,108.1083107679151,1197,4481
High Fisher strength,Direct MLP,1,0.0009366625514813616,0.018637392664391784,0.01688028318002306,0.031794736314749474,38,0,0,120,80.52916258387268,882,4481
High Fisher strength,Residual MLP,1,0.00023749633662532607,0.012224574863262491,0.01264708382222546,0.014397165747648138,38,0,0,120,108.1083107679151,1197,4481
Longer time,Direct MLP,1,0.00022435929047649815,,0.005863004693522019,0.02601731150834928,0,0,0,120,80.52916258387268,882,4481
Longer time,Residual MLP,1,4.4156932109865284e-07,,0.0007234910636347606,0.0009516566517011216,0,0,0,120,108.1083107679151,1197,4481
Low variance,Direct MLP,2,1.4894347319256285e-05,0.010670929416731168,1.4113637119759586e-05,0.000624847769482606,120,0,0,120,89.24555422179401,1023,4481
Low variance,Residual MLP,2,1.3815311293112189e-05,0.005056523793755654,1.9862788826826203e-05,5.0060466857104745e-05,120,0,0,120,84.46341189090163,944,4481
High variance,Direct MLP,2,0.005198466228793718,,0.3659846295005849,0.0019127427501779482,0,0,0,120,89.24555422179401,1023,4481
High variance,Residual MLP,2,3.040923692975525e-07,,0.0002873910924916808,0.00017152846381543092,0,0,0,120,84.46341189090163,944,4481
High Fisher strength,Direct MLP,2,0.00043570997099951425,0.12967432934716233,0.023569793433289205,0.022041857573361294,41,1,0,120,89.24555422179401,1023,4481
High Fisher strength,Residual MLP,2,0.00016091643842392918,0.007126610038414175,0.009763768684904368,0.01423919761159989,41,0,0,120,84.46341189090163,944,4481
Longer time,Direct MLP,2,7.450748745160554e-05,,0.012467741785076512,0.014111224212450294,0,0,0,120,89.24555422179401,1023,4481
Longer time,Residual MLP,2,4.0639439577784294e-07,,0.0010067673150031338,0.0010221419938037286,0,0,0,120,84.46341189090163,944,4481
Low variance,Direct MLP,3,3.225550219501621e-05,0.012124562153289609,5.863324924541372e-05,0.0005774672355235155,120,0,0,120,61.72549805836752,718,4481
Low variance,Residual MLP,3,1.5520239058249366e-05,0.005766063803570546,0.0,8.6518928427091e-05,120,0,0,120,82.09741988312453,914,4481
High variance,Direct MLP,3,0.006300988833077808,,0.35071060988357206,0.0030042590900966172,0,0,0,120,61.72549805836752,718,4481
High variance,Residual MLP,3,1.0145844166211335e-06,,0.001054095342085215,0.0002214733131390608,0,0,0,120,82.09741988312453,914,4481
High Fisher strength,Direct MLP,3,0.0006043005551757505,0.026852461197971803,0.007128019521516519,0.028043300714234567,41,0,0,120,61.72549805836752,718,4481
High Fisher strength,Residual MLP,3,0.0002645097378564866,0.01771318412936769,0.014867485811194608,0.01500718354490774,41,0,0,120,82.09741988312453,914,4481
Longer time,Direct MLP,3,0.00013170313222209823,,0.006878354914381124,0.017718963675319836,0,0,0,120,61.72549805836752,718,4481
Longer time,Residual MLP,3,6.983149497145921e-07,,0.0007294774511645692,0.0010483857200126753,0,0,0,120,82.09741988312453,914,4481
Low variance,Direct MLP,4,2.261959521271434e-05,0.006889285226025188,0.00011551110787915708,0.0006409990153279014,120,0,0,120,62.78956185514107,702,4481
Low variance,Residual MLP,4,9.710685657687708e-06,0.003601370232425514,1.5052786283666537e-05,0.00017933620767315677,120,0,0,120,102.49840651405975,1209,4481
High variance,Direct MLP,4,0.005021937853033668,,0.3559154075632109,0.004436060085715275,0,0,0,120,62.78956185514107,702,4481
High variance,Residual MLP,4,1.5905779209738433e-06,,0.0009669396812078124,0.0001413513896416696,0,0,0,120,102.49840651405975,1209,4481
High Fisher strength,Direct MLP,4,0.0003698542376899209,0.1246444934331256,0.016725523889468963,0.02671670500796631,46,1,0,120,62.78956185514107,702,4481
High Fisher strength,Residual MLP,4,0.00018022917308718514,0.004036553665972679,0.014281792195793896,0.015503452611351689,46,0,0,120,102.49840651405975,1209,4481
Longer time,Direct MLP,4,8.791052137073745e-05,,0.009543740668323723,0.015356355984172879,0,0,0,120,62.78956185514107,702,4481
Longer time,Residual MLP,4,4.840945044357301e-06,,0.0027688432745840244,0.002958148459037008,0,0,0,120,102.49840651405975,1209,4481
Low variance,Direct MLP,5,2.3145027979424993e-05,0.009276323044300013,3.619177698757451e-05,0.000638536598911349,120,0,0,120,89.51124228676781,1029,4481
Low variance,Residual MLP,5,1.0671739778246306e-05,0.004173556891487203,8.840620287214884e-06,0.00012381459319862342,120,0,0,120,75.44676155177876,858,4481
High variance,Direct MLP,5,0.0034695019697012896,,0.29983376863590977,0.0010643405888738763,0,0,0,120,89.51124228676781,1029,4481
High variance,Residual MLP,5,3.081234641985192e-07,,0.0004707781659429015,0.00031830421102812905,0,0,0,120,75.44676155177876,858,4481
High Fisher strength,Direct MLP,5,0.0020554537194586485,0.318388974568303,0.04418623051272,0.035908779676809936,37,2,0,120,89.51124228676781,1029,4481
High Fisher strength,Residual MLP,5,0.00018291844835062107,0.006830392965473162,0.009882539294211307,0.013541508915598391,37,0,0,120,75.44676155177876,858,4481
Longer time,Direct MLP,5,0.00010636110809666506,,0.004060914320948685,0.017672267690298355,0,0,0,120,89.51124228676781,1029,4481
Longer time,Residual MLP,5,1.1089152672259586e-06,,0.0017860681835561423,0.0017974464756738398,0,0,0,120,75.44676155177876,858,4481
Low variance,Direct MLP,6,3.8348765614998875e-05,0.01142440627900263,0.0001191476816567542,0.0005182211227337363,120,0,0,120,57.736453149002045,631,4481
Low variance,Residual MLP,6,1.497183430477493e-05,0.002442173722907052,0.0,0.0001289438882975354,120,0,0,120,89.42364290403202,1020,4481
High variance,Direct MLP,6,0.005528939552998052,,0.344756487411363,0.004052909124852927,0,0,0,120,57.736453149002045,631,4481
High variance,Residual MLP,6,1.358686160030755e-06,,0.0003883482056228756,7.807844161360673e-05,0,0,0,120,89.42364290403202,1020,4481
High Fisher strength,Direct MLP,6,0.0013608916527430898,0.036158696214252155,0.02041202398077455,0.03644672144959526,51,0,1,120,57.736453149002045,631,4481
High Fisher strength,Residual MLP,6,0.0002665698670776641,0.007504115349265785,0.010248574494987494,0.016907005153048858,51,0,0,120,89.42364290403202,1020,4481
Longer time,Direct MLP,6,6.820571194390682e-05,,0.008408966923501396,0.014176500540875154,0,0,0,120,57.736453149002045,631,4481
Longer time,Residual MLP,6,7.983559591745246e-07,,0.001449728162060802,0.0014602740756499625,0,0,0,120,89.42364290403202,1020,4481
Low variance,Direct MLP,7,2.3776629901852806e-05,0.01586606993803336,8.841758817874264e-05,0.000662787305497516,120,0,0,120,108.24593295389786,1198,4481
Low variance,Residual MLP,7,1.5402925144363918e-05,0.004640246220252195,2.221417194928077e-05,3.186229282558887e-05,120,0,0,120,66.54904773877934,784,4481
High variance,Direct MLP,7,0.0029957145672236834,,0.27225021344297945,0.0017493336016388952,0,0,0,120,108.24593295389786,1198,4481
High variance,Residual MLP,7,6.11858402592466e-07,,0.0002814708428788911,0.00012384853471308725,0,0,0,120,66.54904773877934,784,4481
High Fisher strength,Direct MLP,7,0.0008026536329868164,0.1263218183161811,0.03001962451688153,0.024731041329301026,46,1,0,120,108.24593295389786,1198,4481
High Fisher strength,Residual MLP,7,0.0001114432256902991,0.008287758560808866,0.007612406946483693,0.011346521225566019,46,0,0,120,66.54904773877934,784,4481
Longer time,Direct MLP,7,0.00012634473509280254,,0.014324799773927522,0.017688687469437185,0,0,0,120,108.24593295389786,1198,4481
Longer time,Residual MLP,7,1.5986290673818752e-06,,0.0013553317775725807,0.0017675633286687088,0,0,0,120,66.54904773877934,784,4481
Low variance,Direct MLP,8,1.9106558703977017e-05,0.007604557806535838,0.0005496662148809932,0.0005475314599388899,120,0,0,120,58.5443060239777,662,4481
Low variance,Residual MLP,8,7.926370821901434e-06,0.00479341488297423,2.2591361125627134e-06,5.872947136593328e-05,120,0,0,120,83.20772607484832,967,4481
High variance,Direct MLP,8,0.009254365500077263,,0.48538985072502266,0.004927932064226964,0,0,0,120,58.5443060239777,662,4481
High variance,Residual MLP,8,6.048721777700226e-07,,0.00021137753710619064,0.00019945462894438253,0,0,0,120,83.20772607484832,967,4481
High Fisher strength,Direct MLP,8,0.0009463501112020611,0.15324976360502968,0.007632486780183619,0.03715262736095674,39,1,0,120,58.5443060239777,662,4481
High Fisher strength,Residual MLP,8,0.0001809727509656907,0.13607367268721018,0.007324103873137696,0.012082446853677379,39,1,0,120,83.20772607484832,967,4481
Longer time,Direct MLP,8,6.244409189308132e-05,,0.010405434769049442,0.01337470372978642,0,0,0,120,58.5443060239777,662,4481
Longer time,Residual MLP,8,3.2608199202519107e-07,,0.00020272038139688327,0.000945039999520945,0,0,0,120,83.20772607484832,967,4481
Low variance,Direct MLP,9,2.061422735385061e-05,0.010378977183070964,6.485471372278766e-05,0.0003166316396562748,120,0,0,120,76.74107711529359,852,4481
Low variance,Residual MLP,9,1.3885081942414481e-05,0.004605078239941598,3.0500540264747727e-06,9.415249595020788e-05,120,0,0,120,72.22358400188386,843,4481
High variance,Direct MLP,9,0.003256829511588616,,0.3032405614484478,0.0012195802802129675,0,0,0,120,76.74107711529359,852,4481
High variance,Residual MLP,9,8.10558655588861e-07,,0.0008457618757576909,0.0006260960647651414,0,0,0,120,72.22358400188386,843,4481
High Fisher strength,Direct MLP,9,0.001307878667133861,0.033961909214704884,0.028689451341193193,0.03304677298336043,43,0,0,120,76.74107711529359,852,4481
High Fisher strength,Residual MLP,9,0.00019289127066999707,0.005407190540918358,0.008718566769261034,0.014069324673919192,43,0,0,120,72.22358400188386,843,4481
Longer time,Direct MLP,9,0.0001549819385906208,,0.0034868599669681663,0.020654236218545948,0,0,0,120,76.74107711529359,852,4481
Longer time,Residual MLP,9,3.934760845052037e-06,,0.003364917708372204,0.003371932174453877,0,0,0,120,72.22358400188386,843,4481
