regime,model,seed,E_traj,E_cross,E_over,E_eq,n_cross,n_cross_fail,n_cross_spurious,n_traj,train_time_s,epochs_run,n_params,gp_kernel,gp_n_sub
Low variance,"GP, zero mean",0,4.732179165308127e-06,0.0009758540565217226,4.790358026449115e-05,6.307677560756601e-05,120,0,0,120,335.9379646740854,,5,"31.6**2 * RBF(length_scale=[1.37, 15.8, 0.343]) + WhiteKernel(noise_level=1e-10)",2000
High variance,"GP, zero mean",0,0.01891256635659394,,0.23357033162707783,0.010853221391792485,0,0,0,120,335.9379646740854,,5,"31.6**2 * RBF(length_scale=[1.37, 15.8, 0.343]) + WhiteKernel(noise_level=1e-10)",2000
High Fisher strength,"GP, zero mean",0,1.0885084485759532e-06,0.0016583812299680676,0.0008894155272529829,0.001016683933563987,34,0,0,120,335.9379646740854,,5,"31.6**2 * RBF(length_scale=[1.37, 15.8, 0.343]) + WhiteKernel(noise_level=1e-10)",2000
Longer time,"GP, zero mean",0,0.006418688602728249,,0.09633659861337411,0.050031126487141545,0,0,0,120,335.9379646740854,,5,"31.6**2 * RBF(length_scale=[1.37, 15.8, 0.343]) + WhiteKernel(noise_level=1e-10)",2000
Low variance,"GP, $u_{\mathrm{OU}}$ prior mean",0,3.9366621133293425e-06,0.0010251741416893074,9.38396120229205e-05,9.829245088939047e-05,120,0,0,120,262.84310199692845,,5,"31.6**2 * RBF(length_scale=[1.2, 11.3, 0.272]) + WhiteKernel(noise_level=1e-10)",2000
High variance,"GP, $u_{\mathrm{OU}}$ prior mean",0,0.006488323894356051,,0.2246774833545451,0.011818646610464658,0,0,0,120,262.84310199692845,,5,"31.6**2 * RBF(length_scale=[1.2, 11.3, 0.272]) + WhiteKernel(noise_level=1e-10)",2000
High Fisher strength,"GP, $u_{\mathrm{OU}}$ prior mean",0,2.5948406232365583e-06,0.0018346497924810168,0.0016575685272063711,0.00018035614732688776,34,0,0,120,262.84310199692845,,5,"31.6**2 * RBF(length_scale=[1.2, 11.3, 0.272]) + WhiteKernel(noise_level=1e-10)",2000
Longer time,"GP, $u_{\mathrm{OU}}$ prior mean",0,0.0034359516593719824,,0.05330858649115974,0.052990267426419345,0,0,0,120,262.84310199692845,,5,"31.6**2 * RBF(length_scale=[1.2, 11.3, 0.272]) + WhiteKernel(noise_level=1e-10)",2000
Low variance,"GP, zero mean",1,3.744889294992002e-06,0.0020984374129106613,8.771996480781235e-06,7.595667471341586e-05,120,0,0,120,382.16040808707476,,5,"31.6**2 * RBF(length_scale=[1.11, 14.2, 0.295]) + WhiteKernel(noise_level=1e-10)",2000
High variance,"GP, zero mean",1,0.14704069329724032,,0.8448956838547619,0.038723401732542705,0,0,13,120,382.16040808707476,,5,"31.6**2 * RBF(length_scale=[1.11, 14.2, 0.295]) + WhiteKernel(noise_level=1e-10)",2000
High Fisher strength,"GP, zero mean",1,1.4606487049058802e-06,0.0009897086873807766,0.0021104151777749493,0.0005630848474852901,38,0,0,120,382.16040808707476,,5,"31.6**2 * RBF(length_scale=[1.11, 14.2, 0.295]) + WhiteKernel(noise_level=1e-10)",2000
Longer time,"GP, zero mean",1,0.007676090788235368,,0.048927935866574596,0.053997448532623026,0,0,0,120,382.16040808707476,,5,"31.6**2 * RBF(length_scale=[1.11, 14.2, 0.295]) + WhiteKernel(noise_level=1e-10)",2000
Low variance,"GP, $u_{\mathrm{OU}}$ prior mean",1,2.6121466608864897e-06,0.001728780726893527,4.750898828026484e-06,6.556838127890948e-05,120,0,0,120,343.0402033869177,,5,"31.6**2 * RBF(length_scale=[1.02, 10.9, 0.238]) + WhiteKernel(noise_level=1e-10)",2000
High variance,"GP, $u_{\mathrm{OU}}$ prior mean",1,0.012450503933690845,,0.32728068247081177,0.0165583751939525,0,0,0,120,343.0402033869177,,5,"31.6**2 * RBF(length_scale=[1.02, 10.9, 0.238]) + WhiteKernel(noise_level=1e-10)",2000
High Fisher strength,"GP, $u_{\mathrm{OU}}$ prior mean",1,3.40821831449504e-06,0.001615914637459044,0.0015633030888048184,0.0003813285228986496,38,0,0,120,343.0402033869177,,5,"31.6**2 * RBF(length_scale=[1.02, 10.9, 0.238]) + WhiteKernel(noise_level=1e-10)",2000
Longer time,"GP, $u_{\mathrm{OU}}$ prior mean",1,0.0032157667729969335,,0.028028422133471103,0.05230991603865173,0,0,0,120,343.0402033869177,,5,"31.6**2 * RBF(length_scale=[1.02, 10.9, 0.238]) + WhiteKernel(noise_level=1e-10)",2000
Low variance,"GP, zero mean",2,2.595521207726318e-06,0.0023973129022474126,0.001835530260049408,0.0017956702671368286,120,0,0,120,314.23148543201387,,5,"31.6**2 * RBF(length_scale=[1.04, 17.6, 0.305]) + WhiteKernel(noise_level=1e-10)",2000
High variance,"GP, zero mean",2,0.07187107041415647,,0.2659172130150489,0.15786839790386425,0,0,0,120,314.23148543201387,,5,"31.6**2 * RBF(length_scale=[1.04, 17.6, 0.305]) + WhiteKernel(noise_level=1e-10)",2000
High Fisher strength,"GP, zero mean",2,2.163449908113974e-06,0.0009455529525139484,0.000814110106078969,0.0015889848040610665,41,0,0,120,314.23148543201387,,5,"31.6**2 * RBF(length_scale=[1.04, 17.6, 0.305]) + WhiteKernel(noise_level=1e-10)",2000
Longer time,"GP, zero mean",2,0.015944981974715458,,0.23532192346249606,0.05034205548923834,0,0,0,120,314.23148543201387,,5,"31.6**2 * RBF(length_scale=[1.04, 17.6, 0.305]) + WhiteKernel(noise_level=1e-10)",2000
Low variance,"GP, $u_{\mathrm{OU}}$ prior mean",2,3.057235761706223e-06,0.001461864065158123,0.0009460397081886156,0.0009570214863493335,120,0,0,120,274.7430788548663,,5,"31.6**2 * RBF(length_scale=[0.942, 11.5, 0.256]) + WhiteKernel(noise_level=1e-10)",2000
High variance,"GP, $u_{\mathrm{OU}}$ prior mean",2,0.026873559245892763,,0.21993242455002943,0.0384095525665773,0,0,0,120,274.7430788548663,,5,"31.6**2 * RBF(length_scale=[0.942, 11.5, 0.256]) + WhiteKernel(noise_level=1e-10)",2000
High Fisher strength,"GP, $u_{\mathrm{OU}}$ prior mean",2,2.0787208297202886e-06,0.0022826765639762324,0.001119822795791122,0.0004969983018950242,41,0,0,120,274.7430788548663,,5,"31.6**2 * RBF(length_scale=[0.942, 11.5, 0.256]) + WhiteKernel(noise_level=1e-10)",2000
Longer time,"GP, $u_{\mathrm{OU}}$ prior mean",2,0.00884973726901264,,0.23520464724507753,0.04753988189800209,0,0,0,120,274.7430788548663,,5,"31.6**2 * RBF(length_scale=[0.942, 11.5, 0.256]) + WhiteKernel(noise_level=1e-10)",2000
Low variance,"GP, zero mean",3,4.650846960510508e-06,0.0014599307979059968,2.569201711999369e-06,6.113706583550927e-05,120,0,0,120,255.5194694250822,,5,"31.6**2 * RBF(length_scale=[1.42, 13.1, 0.305]) + WhiteKernel(noise_level=1e-10)",2000
High variance,"GP, zero mean",3,0.0011061523498102261,,0.0463956781689936,0.0045843675356364265,0,0,0,120,255.5194694250822,,5,"31.6**2 * RBF(length_scale=[1.42, 13.1, 0.305]) + WhiteKernel(noise_level=1e-10)",2000
High Fisher strength,"GP, zero mean",3,1.9166416778434613e-06,0.0017326244238518645,0.001134985955751992,0.0001335468385201007,41,0,0,120,255.5194694250822,,5,"31.6**2 * RBF(length_scale=[1.42, 13.1, 0.305]) + WhiteKernel(noise_level=1e-10)",2000
Longer time,"GP, zero mean",3,0.003398821660335317,,0.06037546831587896,0.049865387750528484,0,0,0,120,255.5194694250822,,5,"31.6**2 * RBF(length_scale=[1.42, 13.1, 0.305]) + WhiteKernel(noise_level=1e-10)",2000
Low variance,"GP, $u_{\mathrm{OU}}$ prior mean",3,4.867077406643395e-06,0.002098038077787109,7.516409805617222e-06,4.457710965369103e-05,120,0,0,120,196.57550658471882,,5,"31.6**2 * RBF(length_scale=[1.24, 10.3, 0.267]) + WhiteKernel(noise_level=1e-10)",2000
High variance,"GP, $u_{\mathrm{OU}}$ prior mean",3,0.0013366383764041357,,0.08407629944051373,0.015536970133531258,0,0,0,120,196.57550658471882,,5,"31.6**2 * RBF(length_scale=[1.24, 10.3, 0.267]) + WhiteKernel(noise_level=1e-10)",2000
High Fisher strength,"GP, $u_{\mathrm{OU}}$ prior mean",3,2.2530739125667975e-06,0.0016870442448159127,0.0011918319868785203,0.0006006986991943723,41,0,0,120,196.57550658471882,,5,"31.6**2 * RBF(length_scale=[1.24, 10.3, 0.267]) + WhiteKernel(noise_level=1e-10)",2000
Longer time,"GP, $u_{\mathrm{OU}}$ prior mean",3,0.003014779461678717,,0.028519841069962148,0.05037111166366078,0,0,0,120,196.57550658471882,,5,"31.6**2 * RBF(length_scale=[1.24, 10.3, 0.267]) + WhiteKernel(noise_level=1e-10)",2000
Low variance,"GP, zero mean",4,2.9471598242243548e-06,0.00141429988563762,9.644540037547407e-06,5.461239458993128e-05,120,0,0,120,311.78209065739065,,5,"31.6**2 * RBF(length_scale=[1.4, 15, 0.264]) + WhiteKernel(noise_level=1e-10)",2000
High variance,"GP, zero mean",4,0.005856615301356781,,0.03935305166745276,0.051801480894993916,0,0,0,120,311.78209065739065,,5,"31.6**2 * RBF(length_scale=[1.4, 15, 0.264]) + WhiteKernel(noise_level=1e-10)",2000
High Fisher strength,"GP, zero mean",4,2.1354367960962564e-06,0.0019782132222393167,0.000569477139451167,0.0009999461664500868,46,0,0,120,311.78209065739065,,5,"31.6**2 * RBF(length_scale=[1.4, 15, 0.264]) + WhiteKernel(noise_level=1e-10)",2000
Longer time,"GP, zero mean",4,0.005433439117267865,,0.09370986345027867,0.052611197546896665,0,0,0,120,311.78209065739065,,5,"31.6**2 * RBF(length_scale=[1.4, 15, 0.264]) + WhiteKernel(noise_level=1e-10)",2000
Low variance,"GP, $u_{\mathrm{OU}}$ prior mean",4,3.397342366398993e-06,0.0014159466144917875,0.00022439772212825743,0.00022433810807094648,120,0,0,120,334.17093895561993,,5,"31.6**2 * RBF(length_scale=[1.11, 11.5, 0.243]) + WhiteKernel(noise_level=1e-10)",2000
High variance,"GP, $u_{\mathrm{OU}}$ prior mean",4,0.005683818296727612,,0.2011847499936825,0.03590568665220926,0,0,0,120,334.17093895561993,,5,"31.6**2 * RBF(length_scale=[1.11, 11.5, 0.243]) + WhiteKernel(noise_level=1e-10)",2000
High Fisher strength,"GP, $u_{\mathrm{OU}}$ prior mean",4,2.4697441860401585e-06,0.0014812538375701015,0.0014662612001395347,0.00038045797176461393,46,0,0,120,334.17093895561993,,5,"31.6**2 * RBF(length_scale=[1.11, 11.5, 0.243]) + WhiteKernel(noise_level=1e-10)",2000
Longer time,"GP, $u_{\mathrm{OU}}$ prior mean",4,0.0036205424139177478,,0.06445387485376608,0.05153577901411924,0,0,0,120,334.17093895561993,,5,"31.6**2 * RBF(length_scale=[1.11, 11.5, 0.243]) + WhiteKernel(noise_level=1e-10)",2000
Low variance,"GP, zero mean",5,2.5561759497379682e-06,0.0014593033242203928,0.00010526094724544096,0.0002828043810363001,120,0,0,120,250.95949514675885,,5,"31.6**2 * RBF(length_scale=[1.13, 15.6, 0.29]) + WhiteKernel(noise_level=1e-10)",2000
High variance,"GP, zero mean",5,0.04076187966977759,,0.4321737215551978,0.07279684266475721,0,0,0,120,250.95949514675885,,5,"31.6**2 * RBF(length_scale=[1.13, 15.6, 0.29]) + WhiteKernel(noise_level=1e-10)",2000
High Fisher strength,"GP, zero mean",5,1.4603783120950417e-06,0.001063386423222072,0.000649990449562741,0.0013235495066689566,37,0,0,120,250.95949514675885,,5,"31.6**2 * RBF(length_scale=[1.13, 15.6, 0.29]) + WhiteKernel(noise_level=1e-10)",2000
Longer time,"GP, zero mean",5,0.04379478619790579,,0.09596828280597033,0.049866849544110005,0,0,0,120,250.95949514675885,,5,"31.6**2 * RBF(length_scale=[1.13, 15.6, 0.29]) + WhiteKernel(noise_level=1e-10)",2000
Low variance,"GP, $u_{\mathrm{OU}}$ prior mean",5,2.4892230403839392e-06,0.0019493979567702833,0.0001084462434040941,0.0001991198520774562,120,0,0,120,257.551143405959,,5,"31.6**2 * RBF(length_scale=[0.924, 11.5, 0.261]) + WhiteKernel(noise_level=1e-10)",2000
High variance,"GP, $u_{\mathrm{OU}}$ prior mean",5,0.02257792672960103,,0.13319563599893325,0.0555604149801419,0,0,0,120,257.551143405959,,5,"31.6**2 * RBF(length_scale=[0.924, 11.5, 0.261]) + WhiteKernel(noise_level=1e-10)",2000
High Fisher strength,"GP, $u_{\mathrm{OU}}$ prior mean",5,2.025522438283844e-06,0.0016208065593207122,0.0007971740509261397,0.0008877543703223375,37,0,0,120,257.551143405959,,5,"31.6**2 * RBF(length_scale=[0.924, 11.5, 0.261]) + WhiteKernel(noise_level=1e-10)",2000
Longer time,"GP, $u_{\mathrm{OU}}$ prior mean",5,0.0030273408215333465,,0.062254591593976887,0.049218575239149784,0,0,0,120,257.551143405959,,5,"31.6**2 * RBF(length_scale=[0.924, 11.5, 0.261]) + WhiteKernel(noise_level=1e-10)",2000
Low variance,"GP, zero mean",6,7.543977918855018e-06,0.0022857047848664075,6.336695902024273e-06,7.661751202299542e-05,120,0,0,120,169.59928943868726,,5,"31.6**2 * RBF(length_scale=[1.29, 15.2, 0.322]) + WhiteKernel(noise_level=1e-10)",2000
High variance,"GP, zero mean",6,0.015255414144024279,,0.17908853736291303,0.06471867678780284,0,0,0,120,169.59928943868726,,5,"31.6**2 * RBF(length_scale=[1.29, 15.2, 0.322]) + WhiteKernel(noise_level=1e-10)",2000
High Fisher strength,"GP, zero mean",6,2.6358118874579207e-06,0.0026890228801474017,0.0008900483590448834,0.0008829600529067986,51,0,0,120,169.59928943868726,,5,"31.6**2 * RBF(length_scale=[1.29, 15.2, 0.322]) + WhiteKernel(noise_level=1e-10)",2000
Longer time,"GP, zero mean",6,0.011547097709506467,,0.03666524579951895,0.0507011250409868,0,0,0,120,169.59928943868726,,5,"31.6**2 * RBF(length_scale=[1.29, 15.2, 0.322]) + WhiteKernel(noise_level=1e-10)",2000
Low variance,"GP, $u_{\mathrm{OU}}$ prior mean",6,7.437458782599354e-06,0.0019605331988876372,4.3629707228259874e-05,4.766738832001257e-05,120,0,0,120,210.10842754878104,,5,"31.6**2 * RBF(length_scale=[1.06, 11.2, 0.275]) + WhiteKernel(noise_level=1e-10)",2000
High variance,"GP, $u_{\mathrm{OU}}$ prior mean",6,0.009790975855762758,,0.21835895960685012,0.06442346804964737,0,0,0,120,210.10842754878104,,5,"31.6**2 * RBF(length_scale=[1.06, 11.2, 0.275]) + WhiteKernel(noise_level=1e-10)",2000
High Fisher strength,"GP, $u_{\mathrm{OU}}$ prior mean",6,5.9595991150880685e-06,0.0042946632696341785,0.0017140196318214988,0.0004408578334721802,51,0,0,120,210.10842754878104,,5,"31.6**2 * RBF(length_scale=[1.06, 11.2, 0.275]) + WhiteKernel(noise_level=1e-10)",2000
Longer time,"GP, $u_{\mathrm{OU}}$ prior mean",6,0.0030820704620436465,,0.034333371493963996,0.051995213918224766,0,0,0,120,210.10842754878104,,5,"31.6**2 * RBF(length_scale=[1.06, 11.2, 0.275]) + WhiteKernel(noise_level=1e-10)",2000
Low variance,"GP, zero mean",7,6.192597129530757e-06,0.001861209054069579,6.7754457139153805e-06,8.716598543756874e-05,120,0,0,120,267.94827728997916,,5,"31.6**2 * RBF(length_scale=[1.2, 15.6, 0.331]) + WhiteKernel(noise_level=1e-10)",2000
High variance,"GP, zero mean",7,0.04008007263367892,,0.1048669210086957,0.08343446271470781,0,0,0,120,267.94827728997916,,5,"31.6**2 * RBF(length_scale=[1.2, 15.6, 0.331]) + WhiteKernel(noise_level=1e-10)",2000
High Fisher strength,"GP, zero mean",7,9.39706742498401e-07,0.0021382365472459573,0.000608126607844256,0.0009519450384539237,46,0,0,120,267.94827728997916,,5,"31.6**2 * RBF(length_scale=[1.2, 15.6, 0.331]) + WhiteKernel(noise_level=1e-10)",2000
Longer time,"GP, zero mean",7,0.03858319786484701,,0.04077298796363154,0.05428914599173196,0,0,0,120,267.94827728997916,,5,"31.6**2 * RBF(length_scale=[1.2, 15.6, 0.331]) + WhiteKernel(noise_level=1e-10)",2000
Low variance,"GP, $u_{\mathrm{OU}}$ prior mean",7,5.933672990749656e-06,0.0016878868280501317,1.321457807310263e-05,8.78464029413939e-05,120,0,0,120,153.70542428735644,,5,"31.6**2 * RBF(length_scale=[1.05, 11.7, 0.286]) + WhiteKernel(noise_level=1e-10)",2000
High variance,"GP, $u_{\mathrm{OU}}$ prior mean",7,0.011728951492742593,,0.04024390856527534,0.061397678726157305,0,0,0,120,153.70542428735644,,5,"31.6**2 * RBF(length_scale=[1.05, 11.7, 0.286]) + WhiteKernel(noise_level=1e-10)",2000
High Fisher strength,"GP, $u_{\mathrm{OU}}$ prior mean",7,1.8455281338511373e-06,0.0015286569459387444,0.0008587821576036066,0.0006473339438072804,46,0,0,120,153.70542428735644,,5,"31.6**2 * RBF(length_scale=[1.05, 11.7, 0.286]) + WhiteKernel(noise_level=1e-10)",2000
Longer time,"GP, $u_{\mathrm{OU}}$ prior mean",7,0.006252086446159244,,0.031557136416428475,0.05100542674993012,0,0,0,120,153.70542428735644,,5,"31.6**2 * RBF(length_scale=[1.05, 11.7, 0.286]) + WhiteKernel(noise_level=1e-10)",2000
Low variance,"GP, zero mean",8,1.007247072446742e-05,0.0009692012706156818,1.232536604363806e-06,2.94375003243678e-05,120,0,0,120,266.6449278462678,,5,"31.6**2 * RBF(length_scale=[1.18, 12.7, 0.414]) + WhiteKernel(noise_level=1e-10)",2000
High variance,"GP, zero mean",8,0.010168492221758007,,0.1676280065103049,0.013912141674364577,0,0,0,120,266.6449278462678,,5,"31.6**2 * RBF(length_scale=[1.18, 12.7, 0.414]) + WhiteKernel(noise_level=1e-10)",2000
High Fisher strength,"GP, zero mean",8,2.1751457222844783e-06,0.0023511960242129292,0.0008324649030330181,0.00034632831945907163,39,0,0,120,266.6449278462678,,5,"31.6**2 * RBF(length_scale=[1.18, 12.7, 0.414]) + WhiteKernel(noise_level=1e-10)",2000
Longer time,"GP, zero mean",8,0.0035195758730547965,,0.05004474050363307,0.05270299899045925,0,0,0,120,266.6449278462678,,5,"31.6**2 * RBF(length_scale=[1.18, 12.7, 0.414]) + WhiteKernel(noise_level=1e-10)",2000
Low variance,"GP, $u_{\mathrm{OU}}$ prior mean",8,1.0666196731627063e-05,0.0010754674740121085,4.25622971925721e-06,4.747163622779715e-05,120,0,0,120,226.2086391830817,,5,"31.6**2 * RBF(length_scale=[1.01, 9.51, 0.362]) + WhiteKernel(noise_level=1e-10)",2000
High variance,"GP, $u_{\mathrm{OU}}$ prior mean",8,0.003679568148940587,,0.13358702040295695,0.035050366019191245,0,0,0,120,226.2086391830817,,5,"31.6**2 * RBF(length_scale=[1.01, 9.51, 0.362]) + WhiteKernel(noise_level=1e-10)",2000
High Fisher strength,"GP, $u_{\mathrm{OU}}$ prior mean",8,1.5480301963197e-06,0.0021222916000529215,0.0007171246903662202,0.0003516467915779975,39,0,0,120,226.2086391830817,,5,"31.6**2 * RBF(length_scale=[1.01, 9.51, 0.362]) + WhiteKernel(noise_level=1e-10)",2000
Longer time,"GP, $u_{\mathrm{OU}}$ prior mean",8,0.002748959027219054,,0.039453598402591335,0.04605599824698555,0,0,0,120,226.2086391830817,,5,"31.6**2 * RBF(length_scale=[1.01, 9.51, 0.362]) + WhiteKernel(noise_level=1e-10)",2000
Low variance,"GP, zero mean",9,7.360799764196758e-06,0.0014949299540103203,1.6377695356134536e-05,2.049589333170676e-05,120,0,0,120,247.01130464673042,,5,"31.6**2 * RBF(length_scale=[1.26, 14.3, 0.356]) + WhiteKernel(noise_level=1e-10)",2000
High variance,"GP, zero mean",9,0.018106682243477328,,0.1328088055966616,0.01936117170464763,0,0,0,120,247.01130464673042,,5,"31.6**2 * RBF(length_scale=[1.26, 14.3, 0.356]) + WhiteKernel(noise_level=1e-10)",2000
High Fisher strength,"GP, zero mean",9,2.9103243803697958e-06,0.0017944505674390718,0.000718981779198724,0.0004160111968486017,43,0,0,120,247.01130464673042,,5,"31.6**2 * RBF(length_scale=[1.26, 14.3, 0.356]) + WhiteKernel(noise_level=1e-10)",2000
Longer time,"GP, zero mean",9,0.00516772310275291,,0.04951014655233923,0.05547971034683517,0,0,0,120,247.01130464673042,,5,"31.6**2 * RBF(length_scale=[1.26, 14.3, 0.356]) + WhiteKernel(noise_level=1e-10)",2000
Low variance,"GP, $u_{\mathrm{OU}}$ prior mean",9,6.114425270167616e-06,0.001487263235741575,2.7721967568698307e-05,2.780869983128135e-05,120,0,0,120,376.91653341799974,,5,"31.6**2 * RBF(length_scale=[1.1, 10.9, 0.304]) + WhiteKernel(noise_level=1e-10)",2000
High variance,"GP, $u_{\mathrm{OU}}$ prior mean",9,0.005595965623034738,,0.022345256469026638,0.01992924365837121,0,0,0,120,376.91653341799974,,5,"31.6**2 * RBF(length_scale=[1.1, 10.9, 0.304]) + WhiteKernel(noise_level=1e-10)",2000
High Fisher strength,"GP, $u_{\mathrm{OU}}$ prior mean",9,2.6805168669660017e-06,0.0010636149556921637,0.0014125855860957271,0.0004501979894537322,43,0,0,120,376.91653341799974,,5,"31.6**2 * RBF(length_scale=[1.1, 10.9, 0.304]) + WhiteKernel(noise_level=1e-10)",2000
Longer time,"GP, $u_{\mathrm{OU}}$ prior mean",9,0.0032420259037445175,,0.02569118972317071,0.05181738779615747,0,0,0,120,376.91653341799974,,5,"31.6**2 * RBF(length_scale=[1.1, 10.9, 0.304]) + WhiteKernel(noise_level=1e-10)",2000
