model,seed,E_traj,E_cross,E_over,E_eq,n_cross,n_cross_fail,n_cross_spurious,n_traj,train_time_s,epochs_run,n_params,gp_kernel,gp_n_sub
"GP, zero mean",0,2.708907502418213e-13,0.0010195289333994853,3.578103651554384e-07,0.0044814032064832,31,0,0,60,212.93719447869807,,5,"31.6**2 * RBF(length_scale=[69.5, 27.7, 0.5]) + WhiteKernel(noise_level=1e-10)",2000
"GP, $y_{\mathrm{base}}$ prior mean",0,1.6729677307960412e-13,0.0010233160307368992,2.566570439362555e-07,0.0044813835212648735,31,0,0,60,201.84799568075687,,5,"31.6**2 * RBF(length_scale=[100, 18.2, 0.534]) + WhiteKernel(noise_level=1e-10)",2000
"GP, zero mean",1,1.7794180696444298e-13,0.0010211450392629653,2.81432917374295e-07,0.004481383578331255,31,0,0,60,294.9881174666807,,5,"31.6**2 * RBF(length_scale=[71.2, 28.3, 0.499]) + WhiteKernel(noise_level=1e-10)",2000
"GP, $y_{\mathrm{base}}$ prior mean",1,1.184526860300614e-13,0.001022182077597886,2.0716482943550218e-07,0.004481380921833803,31,0,0,60,244.4312926484272,,5,"31.6**2 * RBF(length_scale=[100, 18.2, 0.524]) + WhiteKernel(noise_level=1e-10)",2000
"GP, zero mean",2,1.9567969446656803e-13,0.0010203790818218439,2.1714535457887745e-07,0.0044813815274210205,31,0,0,60,163.68351193424314,,5,"31.6**2 * RBF(length_scale=[68.2, 28, 0.502]) + WhiteKernel(noise_level=1e-10)",2000
"GP, $y_{\mathrm{base}}$ prior mean",2,1.0577147189645601e-13,0.0010224514889655444,1.7328699728850575e-07,0.004481377976523005,31,0,0,60,186.9149112785235,,5,"31.6**2 * RBF(length_scale=[100, 18.4, 0.529]) + WhiteKernel(noise_level=1e-10)",2000
"GP, zero mean",3,1.9491467283755545e-13,0.0010199808460451486,2.830186317415162e-07,0.004481384273615478,31,0,0,60,241.48037646804005,,5,"31.6**2 * RBF(length_scale=[68.1, 28.1, 0.506]) + WhiteKernel(noise_level=1e-10)",2000
"GP, $y_{\mathrm{base}}$ prior mean",3,1.1605492765197458e-13,0.0010223181485319041,2.0816878686380492e-07,0.004481376457301219,31,0,0,60,197.3466821797192,,5,"31.6**2 * RBF(length_scale=[100, 18.3, 0.537]) + WhiteKernel(noise_level=1e-10)",2000
"GP, zero mean",4,2.5185182222930656e-13,0.0010218877844028692,3.4016522194220873e-07,0.004481385138197854,31,0,0,60,229.65324655734003,,5,"31.6**2 * RBF(length_scale=[74.1, 28.9, 0.494]) + WhiteKernel(noise_level=1e-10)",2000
"GP, $y_{\mathrm{base}}$ prior mean",4,9.77164914170669e-14,0.001022015036347986,2.1234258867908196e-07,0.004481384577211001,31,0,0,60,256.7579262442887,,5,"31.6**2 * RBF(length_scale=[100, 18.4, 0.513]) + WhiteKernel(noise_level=1e-10)",2000
"GP, zero mean",5,2.094613784605843e-13,0.0010210593494165193,2.7894145420148676e-07,0.004481382570489782,31,0,0,60,214.48403509985656,,5,"31.6**2 * RBF(length_scale=[71.1, 28.4, 0.487]) + WhiteKernel(noise_level=1e-10)",2000
"GP, $y_{\mathrm{base}}$ prior mean",5,1.7115790890926907e-13,0.0010228480199534228,2.538057968459739e-07,0.00448137550391875,31,0,0,60,173.99617441743612,,5,"31.6**2 * RBF(length_scale=[100, 17.9, 0.514]) + WhiteKernel(noise_level=1e-10)",2000
"GP, zero mean",6,4.863819828485029e-13,0.0010199432135471114,3.422271231623419e-07,0.004481361238734775,31,0,0,60,147.9815302286297,,5,"31.6**2 * RBF(length_scale=[70.6, 28.2, 0.507]) + WhiteKernel(noise_level=1e-10)",2000
"GP, $y_{\mathrm{base}}$ prior mean",6,1.9847135877409606e-13,0.0010210923072443397,1.787758937443762e-07,0.004481368331776296,31,0,0,60,164.12945712544024,,5,"31.6**2 * RBF(length_scale=[100, 18, 0.531]) + WhiteKernel(noise_level=1e-10)",2000
"GP, zero mean",7,1.6957555410496192e-13,0.001019731513220267,3.1061494270012703e-07,0.0044813917551005614,31,0,0,60,191.2293403269723,,5,"31.6**2 * RBF(length_scale=[68.4, 27.6, 0.491]) + WhiteKernel(noise_level=1e-10)",2000
"GP, $y_{\mathrm{base}}$ prior mean",7,1.5698320109321304e-13,0.0010216613921891196,2.3715679735210788e-07,0.004481389685087703,31,0,0,60,147.68969423882663,,5,"31.6**2 * RBF(length_scale=[100, 17.9, 0.518]) + WhiteKernel(noise_level=1e-10)",2000
"GP, zero mean",8,1.8214157543586402e-13,0.001020600523302017,2.704906339430953e-07,0.004481391809304617,31,0,0,60,250.96917962562293,,5,"31.6**2 * RBF(length_scale=[72, 29.2, 0.496]) + WhiteKernel(noise_level=1e-10)",2000
"GP, $y_{\mathrm{base}}$ prior mean",8,9.80675036303378e-14,0.0010223748341201477,1.5847838896373053e-07,0.004481364496931291,31,0,0,60,239.77894737012684,,5,"31.6**2 * RBF(length_scale=[100, 18.4, 0.525]) + WhiteKernel(noise_level=1e-10)",2000
"GP, zero mean",9,2.0760713490135887e-13,0.0010194013385022946,3.189828655732659e-07,0.004481389611566437,31,0,0,60,226.36724383197725,,5,"31.6**2 * RBF(length_scale=[71.8, 29, 0.496]) + WhiteKernel(noise_level=1e-10)",2000
"GP, $y_{\mathrm{base}}$ prior mean",9,1.0424202199593644e-13,0.001021610513890012,1.7238396691580485e-07,0.004481390688802249,31,0,0,60,194.00001521781087,,5,"31.6**2 * RBF(length_scale=[100, 18.6, 0.527]) + WhiteKernel(noise_level=1e-10)",2000
