model,seed,E_traj,E_cross,E_over,E_eq,n_cross,n_cross_fail,n_cross_spurious,n_traj,train_time_s,epochs_run,n_params,rtol,atol
Direct MLP,0,7.797797619167418e-08,0.004519023723047396,0.00016433293756074052,0.004505938240497942,31,0,1,60,102.28409156575799,875,4481,,
Direct MLP + $y_{\mathrm{base}}$ input,0,1.4986974372166693e-07,0.0025757318491238562,0.0002576086335997633,0.004369332556854473,31,0,1,60,100.13804645324126,828,4545,,
Residual MLP,0,1.9356121838596614e-09,0.0005639009131628222,3.125666923990596e-05,0.004529851114003147,31,0,0,60,128.8920186450705,1042,4481,,
Direct MLP,1,8.494693877229657e-08,0.0037316770498532466,0.00020754187816305337,0.004553354504120736,31,0,0,60,113.25506435893476,970,4481,,
Direct MLP + $y_{\mathrm{base}}$ input,1,1.6579491893335207e-07,0.002499661746014199,0.0002496991816691422,0.004254184765325723,31,0,1,60,129.4515562588349,1074,4545,,
Residual MLP,1,3.1101942696765366e-09,0.0005231327425950381,3.015126517705487e-05,0.004516995698638793,31,0,0,60,112.70130683016032,928,4481,,
Direct MLP,2,9.99555654693441e-08,0.0018510551619718375,0.00025469679685519164,0.004469987117937187,31,0,1,60,131.29470772575587,1120,4481,,
Direct MLP + $y_{\mathrm{base}}$ input,2,1.7561552498497128e-07,0.00359344773613547,0.00031378833316501414,0.00443307482405213,31,0,1,60,114.27729258313775,929,4545,,
Residual MLP,2,2.1012701410004443e-09,0.00039307525520849615,3.768496813431055e-05,0.004527782232692886,31,0,0,60,86.65494824526832,702,4481,,
Direct MLP,3,8.540082817861086e-08,0.0032679524416942525,0.00028808562260453546,0.004518497161970562,31,0,1,60,106.09760124282911,867,4481,,
Direct MLP + $y_{\mathrm{base}}$ input,3,1.3529189071205514e-07,0.0019804239517275126,0.00023563506677387602,0.0043529463045499615,31,0,1,60,85.15952676534653,711,4545,,
Residual MLP,3,2.802816380369413e-09,0.000606559169204877,4.39957494045166e-05,0.004522030347144231,31,0,0,60,111.34737086156383,903,4481,,
Direct MLP,4,1.240246142780136e-07,0.004021048503125412,0.00029407040855852957,0.004401384398439742,31,0,1,60,104.36224641278386,901,4481,,
Direct MLP + $y_{\mathrm{base}}$ input,4,1.3344512770655073e-07,0.004816855387565729,0.00034353427038423073,0.004380372086715356,31,0,1,60,85.41994212381542,702,4545,,
Residual MLP,4,1.569696715591386e-09,0.000580805301501231,2.4394170959892344e-05,0.004469695263505569,31,0,0,60,99.45747753093019,804,4481,,
Direct MLP,5,1.1019818701688618e-07,0.005025255730296034,0.00017493368026603914,0.004447257287069599,31,0,0,60,148.9054607390426,1261,4481,,
Direct MLP + $y_{\mathrm{base}}$ input,5,1.3954729309016748e-07,0.005732209544427441,0.00030392212314337417,0.004389552853287845,31,0,1,60,75.8096858789213,619,4545,,
Residual MLP,5,3.1772564156367517e-09,0.0006030106267851512,4.8080091729733415e-05,0.004478756272633984,31,0,0,60,102.56248292280361,835,4481,,
Direct MLP,6,7.866374359679966e-08,0.004009820618834792,0.00024389696258427055,0.004387159725234328,31,0,1,60,118.47112617315724,975,4481,,
Direct MLP + $y_{\mathrm{base}}$ input,6,2.078640687856938e-07,0.003025920486401849,0.00026741663605842254,0.004437028750802126,31,0,0,60,140.48905450012535,1163,4545,,
Residual MLP,6,2.0800151464627963e-09,0.0005800721898211228,2.333162764039942e-05,0.004470510085780118,31,0,0,60,104.12780730193481,864,4481,,
Direct MLP,7,9.365661035393373e-08,0.003739856736618636,0.00019673448454513576,0.004520072002339652,31,0,1,60,86.70326243108138,700,4481,,
Direct MLP + $y_{\mathrm{base}}$ input,7,2.1225262487653047e-07,0.011167905118025494,0.0004749475816252254,0.0045347061012432615,31,0,1,60,93.22070776391774,778,4545,,
Residual MLP,7,1.3573084177888345e-09,0.0005484324688312525,2.800611236063455e-05,0.004540860578505756,31,0,0,60,133.4969470887445,1104,4481,,
Direct MLP,8,1.0385183980011007e-07,0.0036599291474805717,0.0002185479638470563,0.0043922936037110874,31,0,1,60,119.813050059136,970,4481,,
Direct MLP + $y_{\mathrm{base}}$ input,8,1.6855316478439875e-07,0.0075528933852636775,0.0002344254284004088,0.004423858475298011,31,0,1,60,113.48949293978512,984,4545,,
Residual MLP,8,1.0896832956375445e-09,0.0002931976880983611,1.965415105883069e-05,0.004532705042199322,31,0,0,60,140.053048604168,1143,4481,,
Direct MLP,9,1.0121983348459056e-07,0.004468540891519619,0.00022775927600617493,0.004457570251876223,31,0,1,60,99.4851297326386,817,4481,,
Direct MLP + $y_{\mathrm{base}}$ input,9,1.8812104066110893e-07,0.0028036392803152664,0.00039521339407071844,0.004363824578628483,31,0,1,60,78.03359691984951,642,4545,,
Residual MLP,9,1.2655581534681875e-09,0.0005795920607918857,2.5672285448171313e-05,0.004529826687634286,31,0,0,60,183.69836852280423,1500,4481,,
Residual Neural ODE,0,1.82858951360338e-06,0.018704443352601845,0.0008597543072706437,0.004361602014483364,31,0,0,60,411.1543285837397,1500,4610,1e-06,1e-08
Residual Neural ODE,1,1.2989115571877479e-06,0.009714751378688082,0.0009631239451730944,0.004648200257316297,31,0,0,60,415.9451671978459,1500,4610,1e-06,1e-08
Residual Neural ODE,2,1.5226291698991512e-06,0.013800273300941681,0.0010314150292785595,0.004812369330421155,31,0,0,60,438.3425854956731,1500,4610,1e-06,1e-08
Residual Neural ODE,3,9.911147970976308e-07,0.015423320677000623,0.0007067899881111302,0.004697460425903788,31,0,0,60,420.066783471033,1500,4610,1e-06,1e-08
Residual Neural ODE,4,1.0520857398532024e-06,0.009194724856416443,0.000805612174131735,0.004754687928850517,31,0,0,60,408.66789153404534,1500,4610,1e-06,1e-08
