model,lambda,seed,E_traj,E_cross,E_over,E_eq,n_cross,n_cross_fail,n_cross_spurious,n_traj,train_time_s,epochs_run,n_params,L_phys_test,C_ODE_offgrid
"Residual MLP, $\lambda=0.0$",0.0,0,5.0780830029091885e-08,0.00017929349745950118,0.00014833920886866045,0.00012234341884344765,4,0,0,12,30.63119844114408,1084,4481,2.006640443141805e-06,9.883628990792204e-07
"Residual MLP, $\lambda=0.01$",0.01,0,4.091846000167984e-08,0.001856222948670369,0.00027467483515623375,0.00010331074851756734,4,0,0,12,27.993716381955892,725,4481,1.1030895166186383e-06,5.649622494274809e-07
"Residual MLP, $\lambda=0.1$",0.1,0,7.542080695579334e-08,0.0005385053548158797,0.0003765793813607458,0.00012169770185838091,4,0,0,12,31.52088522678241,813,4481,5.408849688137707e-07,4.81948063679738e-07
"Residual MLP, $\lambda=1.0$",1.0,0,2.2771525648590532e-07,0.002351509387147885,0.0005197672896723274,0.00016426202621920108,4,0,0,12,25.982589092105627,664,4481,1.9671845166158164e-06,2.1223311250651022e-06
"Residual MLP, $\lambda=0.0$",0.0,1,1.8612481862837615e-08,0.000955139937673169,0.0001993321701718731,6.229147149459473e-05,4,0,0,12,38.78495842823759,1431,4481,1.38224936563347e-06,3.3239442132071417e-07
"Residual MLP, $\lambda=0.01$",0.01,1,6.980659200526641e-08,0.0011702010534486718,0.0002793462073954478,0.0001342343259257972,4,0,0,12,24.503817517776042,625,4481,1.9330723262100946e-06,5.267251026452868e-07
"Residual MLP, $\lambda=0.1$",0.1,1,5.016619774085649e-08,0.0012402225311474446,0.0002132136562371656,8.115049206075531e-05,4,0,0,12,30.752215130720288,815,4481,4.0077642893265875e-07,4.6396687025662686e-07
"Residual MLP, $\lambda=1.0$",1.0,1,3.9455946277245886e-07,0.002106332520391496,0.0007218946157872738,0.00032060121421204996,4,0,0,12,19.673284166958183,536,4481,1.0977761348840431e-06,9.533485467727587e-07
"Residual MLP, $\lambda=0.0$",0.0,2,8.455127103303033e-09,0.0006917552151584766,0.00010448632129152664,3.331042449933319e-05,4,0,0,12,40.77338913362473,1423,4481,5.461696446218411e-07,1.992417111296163e-07
"Residual MLP, $\lambda=0.01$",0.01,2,5.117349992979321e-08,0.0003453479835757167,0.00019146862092807768,0.00014244864300907065,4,0,0,12,27.1224062317051,694,4481,5.653481593981269e-07,6.917380233062431e-07
"Residual MLP, $\lambda=0.1$",0.1,2,8.282554485679197e-08,0.0011299922665565926,0.0001883149322348491,8.890801658314092e-05,4,0,0,12,36.08366892626509,937,4481,1.0535494538999046e-06,7.301678692783753e-07
"Residual MLP, $\lambda=1.0$",1.0,2,1.4284032425064156e-07,0.00039896228558802815,0.0003333831725833569,0.00017663190678775717,4,0,0,12,39.02162770461291,1133,4481,1.3965860716780298e-06,1.1327088031976018e-06
"Residual MLP, $\lambda=0.0$",0.0,3,2.876868610434838e-08,0.001631297293218148,0.0001284751298754975,4.741227059692118e-05,4,0,0,12,31.026906151790172,1141,4481,2.510824515411514e-06,6.331649160529196e-07
"Residual MLP, $\lambda=0.01$",0.01,3,2.7660103395353314e-08,0.0009980519109012292,0.00016286792689719962,6.0804780189012884e-05,4,0,0,12,36.108134602662176,1004,4481,3.467110332167067e-07,3.2059608656709315e-07
"Residual MLP, $\lambda=0.1$",0.1,3,3.740519860814285e-08,0.0010445147785359543,0.00016692507293362505,9.346525442882614e-05,4,0,0,12,38.28623307310045,1096,4481,3.632171683420893e-07,2.710719400056405e-07
"Residual MLP, $\lambda=1.0$",1.0,3,2.966067863216674e-07,0.0025113711039589925,0.0001963394391143828,0.00015922535043557304,4,0,0,12,27.853043069131672,731,4481,1.3561907508119475e-06,7.246554218909296e-07
"Residual MLP, $\lambda=0.0$",0.0,4,3.676308219080309e-08,0.0011315009272568899,0.00011143805318488316,0.00012162787738928538,4,0,0,12,27.11334405420348,1013,4481,2.7600638077274198e-06,1.1039263654311071e-06
"Residual MLP, $\lambda=0.01$",0.01,4,1.9862553708565527e-08,0.0011244452351993756,0.00014702670984608387,6.585965834129033e-05,4,0,0,12,27.13406483689323,743,4481,3.3837415003290516e-07,6.006964667903958e-07
"Residual MLP, $\lambda=0.1$",0.1,4,6.164342699012843e-08,0.000775105266270934,0.0002770198387632335,0.00010571732928264337,4,0,0,12,26.826866833027452,766,4481,4.530249384515628e-07,2.930523805844132e-07
"Residual MLP, $\lambda=1.0$",1.0,4,1.7322132583009946e-07,0.0027317592536305196,0.00014347475334771284,0.00010168974990256337,4,0,0,12,32.32428753469139,895,4481,6.756661719009571e-07,5.076108777757327e-07
