model,seed,E_traj_on_grid,E_traj_shifted,relative_change
Direct MLP,0,1.2266796218696475e-07,1.1726357317124785e-07,-0.04405705384980462
Residual MLP,0,8.529180217717487e-09,8.400020569109922e-09,-0.01514326644655302
"PI-Residual, $\lambda=0.1$",0,1.3396205481657211e-08,1.2865934962098432e-08,-0.03958363585008107
DeepONet-style,0,5.733585920072596e-07,5.982256538741953e-07,0.04337087158645185
Neural ODE (full field),0,3.0296164821004466e-05,3.0700531959768384e-05,0.013347139519242653
Residual Neural ODE,0,1.2285383664251943e-06,1.247171594201472e-06,0.015166988907718726
Direct MLP,1,1.3451199582839027e-07,1.1963862827670444e-07,-0.11057279657541622
Residual MLP,1,3.086809637308809e-09,3.3590992448061187e-09,0.08821068983531544
"PI-Residual, $\lambda=0.1$",1,9.74238270077468e-09,9.062012736238299e-09,-0.06983609507377286
DeepONet-style,1,8.536529701564427e-07,7.208734755293869e-07,-0.15554270794925285
Neural ODE (full field),1,0.0006422991368368716,0.0006442450393788938,0.0030295892216283516
Residual Neural ODE,1,5.815614144916421e-07,5.919828012564848e-07,0.01791966678867838
Direct MLP,2,7.644180064358517e-08,7.007550983799846e-08,-0.08328284723786077
Residual MLP,2,3.219010136466721e-09,3.3611886110789945e-09,0.044168383628742695
"PI-Residual, $\lambda=0.1$",2,2.6669386619115713e-08,2.593770110779903e-08,-0.027435408311649628
DeepONet-style,2,6.803551444337826e-07,5.749529650387486e-07,-0.15492229353649362
Neural ODE (full field),2,4.173988862084566e-05,4.2289396722871054e-05,0.01316505913604577
Residual Neural ODE,2,1.1442897600722677e-06,1.1586929333550397e-06,0.012586998315760822
Direct MLP,3,1.3127292052099794e-07,1.2439177740237017e-07,-0.05241860310045502
Residual MLP,3,4.973709065031109e-09,5.77305692040422e-09,0.16071463869753144
"PI-Residual, $\lambda=0.1$",3,1.617669711094405e-08,1.5737102652687392e-08,-0.02717454961552436
DeepONet-style,3,5.785843915081834e-07,5.602246799714615e-07,-0.0317321237941869
Neural ODE (full field),3,5.914378562454104e-06,6.0012821806155064e-06,0.01469361780679501
Residual Neural ODE,3,1.3997385897932627e-06,1.421017158195406e-06,0.015201815937135921
Direct MLP,4,9.940770891786552e-08,9.104133753753052e-08,-0.08416219900257055
Residual MLP,4,5.63380615982266e-09,5.868713724945961e-09,0.04169606806825156
"PI-Residual, $\lambda=0.1$",4,9.239876962969825e-09,8.950249014372469e-09,-0.03134543346822503
DeepONet-style,4,4.464467970715939e-07,4.3483312256567876e-07,-0.02601356887784483
Neural ODE (full field),4,2.576076826393621e-05,2.6092225032379385e-05,0.012866726840099648
Residual Neural ODE,4,9.90212929034037e-07,1.0014352297907036e-06,0.011333219782955236
Direct MLP,5,1.442404811461466e-07,1.3233792970390787e-07,-0.08251880018466454
Residual MLP,5,4.950609854355671e-09,5.54871899877074e-09,0.12081524539624885
"PI-Residual, $\lambda=0.1$",5,2.7600960490899897e-08,2.675535332412503e-08,-0.03063687464983934
DeepONet-style,5,7.139550367296878e-07,6.709493909927645e-07,-0.06023579010509283
Direct MLP,6,2.1040871024877008e-07,1.880759198823598e-07,-0.10614004686405715
Residual MLP,6,3.2181723995510227e-09,3.3691847009819556e-09,0.04692486376801973
"PI-Residual, $\lambda=0.1$",6,3.29790491274465e-08,3.001768296638319e-08,-0.08979537735060851
DeepONet-style,6,6.29314863296298e-07,6.251773474522244e-07,-0.006574635505034299
Direct MLP,7,8.454119252013896e-08,7.605097593864831e-08,-0.10042697918494772
Residual MLP,7,4.9477214204305095e-09,5.183291078381509e-09,0.04761174648561807
"PI-Residual, $\lambda=0.1$",7,3.214642006064722e-08,2.967556895492389e-08,-0.07686240337374543
DeepONet-style,7,4.892144160590867e-07,4.528210587056249e-07,-0.07439142461628982
Direct MLP,8,1.604989865264225e-07,1.4920368725900335e-07,-0.07037614075874328
Residual MLP,8,5.103130454163128e-09,5.215332101281308e-09,0.021986827130128703
"PI-Residual, $\lambda=0.1$",8,1.1933305675176551e-08,1.134709080157043e-08,-0.04912426527592892
DeepONet-style,8,9.00809599327009e-07,7.599124040184911e-07,-0.15641173830050398
Direct MLP,9,1.041541777759447e-07,9.586736505761107e-08,-0.07956294116362886
Residual MLP,9,4.0577681025435055e-09,4.536668889413326e-09,0.11802073819093666
"PI-Residual, $\lambda=0.1$",9,1.2773383884088203e-08,1.179939800013366e-08,-0.07625120271910374
DeepONet-style,9,4.6885590932585777e-07,4.471948764233533e-07,-0.04619976515524715
