width,lr,val_mse_scaled_mean,val_mse_scaled_ci,val_mse_scaled_n,E_traj_mean,E_traj_ci,E_traj_n,E_cross_mean,E_cross_ci,E_cross_n,E_over_mean,E_over_ci,E_over_n,E_eq_mean,E_eq_ci,E_eq_n,n_cross_total,n_cross_per_seed,n_cross_fail_total,n_cross_fail_per_seed,n_cross_spurious_total,n_cross_spurious_per_seed,train_time_s_mean
"(32,32)",0.001,3.2361072802207977e-06,3.1147318001772244e-06,3,7.857569439225023e-08,5.706690484015887e-08,3,0.0015368335948887162,0.0013129632537823917,3,0.000410410649957298,0.00026953670686059053,3,0.0002098434894587543,6.938448097365111e-05,3,66,22.0,0,0.0,0,0.0,129.91976308791587
"(32,32)",0.002,5.632501673365671e-06,5.3093834080364846e-06,3,1.3274270049904464e-07,1.0074064546996969e-07,3,0.0022446020186718055,0.001155623149856068,3,0.0005926938092650539,0.0005817492020140679,3,0.00030773610912427713,0.00011997000414125493,3,66,22.0,0,0.0,0,0.0,82.08873250552763
"(32,32)",0.005,1.0379998760375505e-05,5.803898107992946e-06,3,3.1572248613114965e-07,2.3213556183562098e-07,3,0.003082978689219196,0.0007618215283916645,3,0.0008798474873828952,0.0003663919221142304,3,0.000283484335412606,3.919104931299515e-05,3,66,22.0,0,0.0,0,0.0,78.94582246461262
"(64,64)",0.001,5.938288419808184e-06,3.4552271456209256e-06,3,1.1709343869270658e-07,4.6888097877096215e-08,3,0.001493542799255988,0.0015922418285557515,3,0.00045444714876649974,0.00019671148356301046,3,0.0003528798327765064,0.00010631670113045307,3,66,22.0,0,0.0,0,0.0,92.66603235465784
"(64,64)",0.002,6.849186775070848e-06,3.663288430754222e-06,3,1.698995600530963e-07,9.705548147148616e-08,3,0.0029643966567250335,0.0025980301892518523,3,0.0005739628020947357,0.00011910937560767037,3,0.0003646918593088456,0.0002266081366933433,3,66,22.0,0,0.0,0,0.0,76.08725934211786
"(64,64)",0.005,1.0996731968286136e-05,7.967847646931085e-07,3,3.001659644214447e-07,5.315070731934446e-08,3,0.003975934913357505,0.0026163123009637795,3,0.000712682650412787,0.0006826215272936759,3,0.00032857440339081125,0.00029838675506340133,3,66,22.0,0,0.0,0,0.0,62.25481866129363
"(128,128)",0.001,7.60609433806773e-06,7.279009632065472e-06,3,1.9062980841646913e-07,2.1076716206403297e-07,3,0.0026375081748321264,0.001815271484436806,3,0.0005650005619946062,0.00032846112867686793,3,0.0002026020911259581,8.880867644886687e-05,3,66,22.0,0,0.0,0,0.0,72.9823772427626
"(128,128)",0.002,1.3826806631792957e-05,1.636858344645742e-05,3,3.3198702822774256e-07,3.761185876168171e-07,3,0.003598043587635906,0.00561369446809158,3,0.0010157360449697648,0.0006882381551998004,3,0.00041038704818198527,0.0002803544893492778,3,66,22.0,0,0.0,0,0.0,56.00168344782045
"(128,128)",0.005,2.198387483076658e-05,5.720098907359515e-06,3,5.140064992835768e-07,9.379829818086561e-08,3,0.0047878643813566305,0.0018498713923366728,3,0.000863955780678402,0.00031374810516901584,3,0.0004175744525894457,0.00022747757290033927,3,66,22.0,0,0.0,0,0.0,49.35260483901948
