width,lr,seed,val_mse_scaled,E_traj,E_cross,E_over,E_eq,n_cross,n_cross_fail,n_cross_spurious,n_traj,train_time_s,epochs_run,n_params
"(32,32)",0.001,0,2.3885802420409163e-06,7.02392997765149e-08,0.0018919249288336078,0.00035460287849288106,0.0001777011555990872,22,0,0,45,138.174611707218,1500,1217
"(32,32)",0.001,1,2.6433035600348376e-06,6.093529023477318e-08,0.0009294206120890104,0.00034117006693009776,0.00022821557543539268,22,0,0,45,127.12846277840436,1394,1217
"(32,32)",0.001,2,4.676438038586639e-06,1.045524931654626e-07,0.001789155243743531,0.0005354590044489152,0.00022361373734178298,22,0,0,45,124.45621477812529,1384,1217
"(32,32)",0.002,0,3.3391813758498756e-06,8.733090888767245e-08,0.0017184680229490178,0.00041631187599179895,0.0002729319218710508,22,0,0,45,95.71273293532431,1136,1217
"(32,32)",0.002,1,5.9894628066103905e-06,1.4555320876887157e-07,0.0024138651774291407,0.0008583951718188389,0.0002874042264743921,22,0,0,45,74.44962930493057,815,1217
"(32,32)",0.002,2,7.568860837636748e-06,1.6534398384058985e-07,0.0026014728556372577,0.0005033743799845238,0.0003628721790273885,22,0,0,45,76.10383527632803,834,1217
"(32,32)",0.005,0,9.161177331407089e-06,2.4381743155237885e-07,0.002936515945008819,0.0007536634707353822,0.00028008373121871777,22,0,0,45,73.88816884998232,840,1217
"(32,32)",0.005,1,8.905052709451411e-06,2.8199994531116737e-07,0.003435424508118413,0.0008438826353106825,0.00026968542738083914,22,0,0,45,101.57537457486615,1200,1217
"(32,32)",0.005,2,1.3073766240268014e-05,4.2135008152990273e-07,0.002876995614530358,0.0010419963561026208,0.00030068384763826117,22,0,0,45,61.3739239689894,673,1217
"(64,64)",0.001,0,4.3486720642249566e-06,9.698813312352741e-08,0.002048703182750916,0.0005389672653412861,0.00030376385619883294,22,0,0,45,103.35817868821323,1123,4481
"(64,64)",0.001,1,6.534382009704132e-06,1.1985924584881807e-07,0.0007920734279019668,0.00044240046317353985,0.0003821711351556672,22,0,0,45,93.91570100281388,1019,4481
"(64,64)",0.001,2,6.931811185495462e-06,1.3443293710577425e-07,0.0016398517871150811,0.0003819737177846733,0.000372704506975019,22,0,0,45,80.72421737294644,905,4481
"(64,64)",0.002,0,6.96146071277326e-06,1.94405483803865e-07,0.0031223753958645266,0.0005966766995161521,0.00045994363967377536,22,0,0,45,63.35728495987132,695,4481
"(64,64)",0.002,1,8.264512871392071e-06,1.9045005271899107e-07,0.003922267862000807,0.000606333048115563,0.0002781200281731196,22,0,0,45,74.3288754047826,810,4481
"(64,64)",0.002,2,5.321586741047213e-06,1.248431436364329e-07,0.0018485467123097682,0.0005188786586524922,0.0003560119100796418,22,0,0,45,90.57561766169965,990,4481
"(64,64)",0.005,0,1.0737031516327988e-05,3.020739288830581e-07,0.003284455601970534,0.0004466418788247988,0.00029186713636386585,22,0,0,45,55.573191916104406,632,4481
"(64,64)",0.005,1,1.0897897482209373e-05,3.205441231489425e-07,0.005188068340365452,0.0009954610182346447,0.00023109416440393696,22,0,0,45,73.72135363006964,810,4481
"(64,64)",0.005,2,1.1355266906321049e-05,2.778798412323333e-07,0.0034552807977365277,0.0006959450541789172,0.00046276190940463104,22,0,0,45,57.46991043770686,635,4481
"(128,128)",0.001,0,7.353792625508504e-06,1.869462007070764e-07,0.002931174303189678,0.0004178095912931143,0.00023639209857967538,22,0,0,45,65.4958331589587,757,17153
"(128,128)",0.001,1,4.810207428818103e-06,1.0768640534976872e-07,0.0018056141141010041,0.0006737263834557775,0.0001651702734319718,22,0,0,45,85.65785725414753,985,17153
"(128,128)",0.001,2,1.0654282959876582e-05,2.7725681919256223e-07,0.003175736107205697,0.000603465711234927,0.00020624390136622712,22,0,0,45,67.79344131518155,757,17153
"(128,128)",0.002,0,1.734953730192501e-05,3.782513951393962e-07,0.0036594784653622035,0.000990273057444376,0.0004728037822131912,22,0,0,45,44.957707948982716,491,17153
"(128,128)",0.002,1,6.224989192560315e-06,1.6284415671169395e-07,0.001308136414707991,0.0007522933726301318,0.00028010793794958446,22,0,0,45,73.12086152471602,831,17153
"(128,128)",0.002,2,1.7905893400893547e-05,4.548655328321377e-07,0.005826515882837524,0.001304641704834787,0.00047824942438318016,22,0,0,45,49.9264808697626,557,17153
"(128,128)",0.005,0,1.933392559294589e-05,4.901869482681758e-07,0.0042257883058967735,0.0008257311723022662,0.000315771220789898,22,0,0,45,53.907196247018874,592,17153
"(128,128)",0.005,1,2.349732312723063e-05,4.942902413745992e-07,0.0045053499312589845,0.0007611828796443978,0.000493225131332241,22,0,0,45,49.7924316721037,540,17153
"(128,128)",0.005,2,2.3120375772123225e-05,5.575423082079554e-07,0.005632454906914133,0.0010049532900885418,0.00044372700564619823,22,0,0,45,44.358186597935855,486,17153
