model,seed,E_traj,E_cross,E_over,E_eq,n_cross,n_cross_fail,n_cross_spurious,n_traj,train_time_s,epochs_run,n_params
Direct MLP,0,1.2266796218696475e-07,0.001829100439771624,0.0005073592916501211,0.0002404673177474158,22,0,0,45,84.06267899507657,917,4481
Unscaled residual MLP,0,4.918607951725703e-08,0.0013763872567647633,0.00034831314962564775,0.00016039946016340858,22,0,0,45,65.3065709201619,695,4481
Scaled residual MLP (proposed),0,8.529180217717487e-09,0.0002837310957624319,0.0001319555866993986,6.874345239285477e-05,22,0,0,45,61.3059410569258,680,4481
"PI-Residual, $\lambda=0.01$",0,3.5961741878720537e-09,0.00017557609081284893,5.4420180174302104e-05,3.7242764625992446e-05,22,0,0,45,174.44364946288988,1241,4481
"PI-Residual, $\lambda=0.1$",0,1.3396205481657211e-08,0.0003853933029456613,8.982383293518501e-05,8.596918503311654e-05,22,0,0,45,104.76679925480857,734,4481
"PI-Residual, $\lambda=1.0$",0,4.986849771472408e-08,0.0011239578083511606,0.0002537157298256777,5.629711975704647e-05,22,0,0,45,98.58817617036402,715,4481
Direct MLP,1,1.3451199582839027e-07,0.0032810509967325413,0.00044843630922938675,0.0002442642827444737,22,0,0,45,79.51550304982811,882,4481
Unscaled residual MLP,1,3.623576489680469e-08,0.0011455328271680124,0.00012991925263506035,9.089193705336365e-05,22,0,0,45,72.21549370512366,812,4481
Scaled residual MLP (proposed),1,3.086809637308809e-09,0.00019040208180602395,5.283504841539314e-05,3.323113357053388e-05,22,0,0,45,108.5146302729845,1197,4481
"PI-Residual, $\lambda=0.01$",1,4.242092160386939e-09,0.0003073713525621273,3.707383781132753e-05,3.326785098547447e-05,22,0,0,45,130.9853194267489,901,4481
"PI-Residual, $\lambda=0.1$",1,9.74238270077468e-09,0.0004161705992997889,0.00013131237431242127,4.638926803636818e-05,22,0,0,45,160.3576478450559,1099,4481
"PI-Residual, $\lambda=1.0$",1,1.2019479180946707e-07,0.0015170994373179278,0.000393905206304125,0.0001252335256211465,22,0,0,45,73.81674636900425,522,4481
Direct MLP,2,7.644180064358517e-08,0.002257966060803387,0.0004909690540676988,0.0001677112158546971,22,0,0,45,94.45073888683692,1023,4481
Unscaled residual MLP,2,1.952608850806882e-08,0.0015132073272824643,0.00010797060619968471,0.00011128437157521295,22,0,0,45,110.5078052491881,1284,4481
Scaled residual MLP (proposed),2,3.219010136466721e-09,0.00020086974272950098,4.358438784883351e-05,4.14716139567438e-05,22,0,0,45,86.7279094629921,944,4481
"PI-Residual, $\lambda=0.01$",2,4.772760343806951e-09,0.00021959962346657344,7.817162610796519e-05,6.255487947471512e-05,22,0,0,45,123.94481914490461,891,4481
"PI-Residual, $\lambda=0.1$",2,2.6669386619115713e-08,0.0006160307237445627,0.00018061838602194432,8.343996781969349e-05,22,0,0,45,61.29081539390609,424,4481
"PI-Residual, $\lambda=1.0$",2,4.6910776428951696e-08,0.0009532043515494466,0.00020269455950380335,9.714883201793849e-05,22,0,0,45,99.48008984373882,697,4481
Direct MLP,3,1.3127292052099794e-07,0.002292215363007835,0.0005152945044432706,0.0002339052650792459,22,0,0,45,66.19531713007018,718,4481
Unscaled residual MLP,3,3.392251479664619e-08,0.0017690702266349597,0.00015988410208599548,0.00010387487743335693,22,0,0,45,80.15522189810872,902,4481
Scaled residual MLP (proposed),3,4.973709065031109e-09,0.00011455601329147512,4.581059437300558e-05,5.7602696844780455e-05,22,0,0,45,83.73196054436266,914,4481
"PI-Residual, $\lambda=0.01$",3,3.514204179324804e-09,0.0003032104858129184,6.4626742464761e-05,4.2904506260496884e-05,22,0,0,45,136.88698255596682,1012,4481
"PI-Residual, $\lambda=0.1$",3,1.617669711094405e-08,0.0005135361742201989,9.147903502753074e-05,5.4349817948138065e-05,22,0,0,45,85.62346799392253,597,4481
"PI-Residual, $\lambda=1.0$",3,7.309041173959941e-08,0.0013591741931364856,0.00030739108676911046,6.517836369341149e-05,22,0,0,45,87.95274700131267,629,4481
Direct MLP,4,9.940770891786552e-08,0.0016313787727126562,0.00027073496167009876,0.00021666456639104245,22,0,0,45,63.057151053100824,702,4481
Unscaled residual MLP,4,2.177459990177878e-08,0.0008174696185943385,0.00021642745982368457,8.38713210983154e-05,22,0,0,45,105.9608354237862,1205,4481
Scaled residual MLP (proposed),4,5.63380615982266e-09,0.0002754204987380039,8.668526863392244e-05,7.040541228921072e-05,22,0,0,45,112.15917028067634,1209,4481
"PI-Residual, $\lambda=0.01$",4,5.401008707848403e-09,0.00043336881107825724,6.673213367554491e-05,3.881801697491996e-05,22,0,0,45,116.22513424605131,809,4481
"PI-Residual, $\lambda=0.1$",4,9.239876962969825e-09,0.0006043193320347302,0.0001106471039631006,3.239475571955216e-05,22,0,0,45,95.43891253275797,676,4481
"PI-Residual, $\lambda=1.0$",4,5.70075660534309e-08,0.0016420100461429952,0.0003188592274073137,5.455739806124645e-05,22,0,0,45,102.23562139086425,748,4481
Direct MLP,5,1.442404811461466e-07,0.0031445650253356795,0.0003049316365522081,0.00027606855441774964,22,0,0,45,93.08213871810585,1029,4481
Unscaled residual MLP,5,2.8145674875109298e-08,0.0006366025400134639,0.00019913554771787073,0.00015982367379967498,22,0,0,45,69.50871160207316,797,4481
Scaled residual MLP (proposed),5,4.950609854355671e-09,0.0003315348000675124,4.766314416701809e-05,5.134935717124003e-05,22,0,0,45,76.60500905197114,858,4481
"PI-Residual, $\lambda=0.01$",5,1.1708580272361114e-08,0.0007810977744722769,9.700882868538171e-05,7.219154770606984e-05,22,0,0,45,69.809255967848,503,4481
"PI-Residual, $\lambda=0.1$",5,2.7600960490899897e-08,0.0007709421287628872,0.00010887850464221927,7.450133324607854e-05,22,0,0,45,66.17096802312881,451,4481
"PI-Residual, $\lambda=1.0$",5,1.8437373164884284e-07,0.0015410081123841187,0.0005796819657729232,0.00011571783278017852,22,0,0,45,72.00639316113666,529,4481
Direct MLP,6,2.1040871024877008e-07,0.002423837327019772,0.0005596743322199356,0.0003683892206048749,22,0,0,45,58.351093910168856,631,4481
Unscaled residual MLP,6,2.8846177537188016e-08,0.0010353162165288039,0.00018487342641373416,0.00013551513260339455,22,0,0,45,84.66411142097786,961,4481
Scaled residual MLP (proposed),6,3.2181723995510227e-09,0.00022383474442419377,3.548303972099968e-05,3.357910417377911e-05,22,0,0,45,95.22524930210784,1020,4481
"PI-Residual, $\lambda=0.01$",6,5.3010882414873e-09,0.0004257949350146284,4.973466320162699e-05,7.284074232011643e-05,22,0,0,45,94.38596110185608,679,4481
"PI-Residual, $\lambda=0.1$",6,3.29790491274465e-08,0.0009705789074996717,0.0001372249633912137,9.314594959023303e-05,22,0,0,45,73.98478164803237,513,4481
"PI-Residual, $\lambda=1.0$",6,5.06919947828962e-07,0.0022569415882038963,0.0007251560943812654,0.00015692074915220683,22,0,0,45,45.937071522697806,326,4481
Direct MLP,7,8.454119252013896e-08,0.0016870924308195706,0.0004423172891033703,0.00023864905145940776,22,0,0,45,111.0260060490109,1198,4481
Unscaled residual MLP,7,3.399513994783152e-08,0.0010057872059989134,0.00022862126939896655,0.00012396672040861429,22,0,0,45,66.45838755276054,747,4481
Scaled residual MLP (proposed),7,4.9477214204305095e-09,0.00025852489865361224,8.025010584581753e-05,4.151388108540506e-05,22,0,0,45,72.96876120520756,784,4481
"PI-Residual, $\lambda=0.01$",7,3.78629001548931e-09,0.00025751535027895216,6.159040547513151e-05,3.851197683004928e-05,22,0,0,45,133.4660316281952,943,4481
"PI-Residual, $\lambda=0.1$",7,3.214642006064722e-08,0.0009318793673900373,0.00024729923698581696,0.00011547304359688463,22,0,0,45,62.51503064483404,448,4481
"PI-Residual, $\lambda=1.0$",7,2.6580436919490236e-07,0.0025515184764470984,0.00047405100338194416,0.00018675874319896085,22,0,0,45,64.16276030987501,472,4481
Direct MLP,8,1.604989865264225e-07,0.0021631369316315045,0.0007610745109179757,0.00027530228281173524,22,0,0,45,61.74109795689583,662,4481
Unscaled residual MLP,8,2.1608625854210746e-08,0.0007152959677715602,0.00018133827271829734,0.00011600691885273523,22,0,0,45,110.38849948393181,1264,4481
Scaled residual MLP (proposed),8,5.103130454163128e-09,0.00019078068112868336,4.725597177750945e-05,3.487486206250858e-05,22,0,0,45,87.84864624263719,967,4481
"PI-Residual, $\lambda=0.01$",8,3.726996069146468e-09,0.00022399445357455995,5.3887950823863465e-05,3.9021168135406407e-05,22,0,0,45,136.02103996509686,956,4481
"PI-Residual, $\lambda=0.1$",8,1.1933305675176551e-08,0.0005287018697824986,0.00010029035222575761,4.8545660422869316e-05,22,0,0,45,90.3294134917669,636,4481
"PI-Residual, $\lambda=1.0$",8,5.0713921342930545e-08,0.0007839957135310897,0.0003172236086408129,7.215661710775478e-05,22,0,0,45,118.70554092898965,851,4481
Direct MLP,9,1.041541777759447e-07,0.0019982534367013467,0.000473254124851256,0.00019971918280105644,22,0,0,45,79.06014741165563,852,4481
Unscaled residual MLP,9,4.468422084074061e-08,0.0022191229215127867,0.0002502129371334662,0.00010899231380013437,22,0,0,45,69.63542797090486,775,4481
Scaled residual MLP (proposed),9,4.0577681025435055e-09,0.00022409229426020166,3.185897143221064e-05,2.4297261751968534e-05,22,0,0,45,76.31681393459439,843,4481
"PI-Residual, $\lambda=0.01$",9,4.245951385479337e-09,0.00031052185602207816,3.8228848050916553e-05,3.481930608723655e-05,22,0,0,45,142.84281602827832,1017,4481
"PI-Residual, $\lambda=0.1$",9,1.2773383884088203e-08,0.0006764755331688767,0.00013206074212015472,5.534712088762895e-05,22,0,0,45,100.7137122862041,698,4481
"PI-Residual, $\lambda=1.0$",9,5.979632683720478e-08,0.0008907852806879855,0.00022248636877405403,0.00011866853224909867,22,0,0,45,95.476051654201,687,4481
