noise,model,seed,E_traj,E_cross,E_over,E_eq,n_cross,n_cross_fail,n_cross_spurious,n_traj,train_time_s,epochs_run,n_params
0\%,Direct MLP,0,1.2266796218696475e-07,0.0024843468094255554,0.0004908190127015624,0.0002404673177474158,22,0,0,45,83.4624367156066,917,4481
0\%,Residual MLP,0,8.529180217717487e-09,0.0008872567745120357,0.00012704260721731783,6.874345239285477e-05,22,0,0,45,58.86032715672627,680,4481
0\%,Direct MLP,1,1.3451199582839027e-07,0.003005523728382635,0.00044324813848746204,0.0002442642827444737,22,0,0,45,78.39507093280554,882,4481
0\%,Residual MLP,1,3.086809637308809e-09,0.0008976259453399759,4.423643428277144e-05,3.323113357053388e-05,22,0,0,45,102.60223620105535,1197,4481
0\%,Direct MLP,2,7.644180064358517e-08,0.00276439139038467,0.0004833506257981895,0.0001677112158546971,22,0,0,45,91.52406734600663,1023,4481
0\%,Residual MLP,2,3.219010136466721e-09,0.0007856426000640754,3.624778354239429e-05,4.14716139567438e-05,22,0,0,45,82.9435528088361,944,4481
0\%,Direct MLP,3,1.3127292052099794e-07,0.0024270585308612705,0.0005114863795933535,0.0002339052650792459,22,0,0,45,63.18849387206137,718,4481
0\%,Residual MLP,3,4.973709065031109e-09,0.0008070629798031317,3.981260804502994e-05,5.7602696844780455e-05,22,0,0,45,79.67487505404279,914,4481
0\%,Direct MLP,4,9.940770891786552e-08,0.0014598914599373986,0.0002673193858381051,0.00021666456639104245,22,0,0,45,61.42420938285068,702,4481
0\%,Residual MLP,4,5.63380615982266e-09,0.0008368159820065306,8.004534426156637e-05,7.040541228921072e-05,22,0,0,45,107.18398740375414,1209,4481
0\%,Direct MLP,5,1.442404811461466e-07,0.003685537423060431,0.00025016007376334534,0.00027606855441774964,22,0,0,45,90.37658804608509,1029,4481
0\%,Residual MLP,5,4.950609854355671e-09,0.0007641211717345535,4.277353005627877e-05,5.134935717124003e-05,22,0,0,45,74.67145086126402,858,4481
0\%,Direct MLP,6,2.1040871024877008e-07,0.001906440696375268,0.0005189420229594738,0.0003683892206048749,22,0,0,45,55.7875952553004,631,4481
0\%,Residual MLP,6,3.2181723995510227e-09,0.0006342869617054857,2.9106417859519558e-05,3.357910417377911e-05,22,0,0,45,90.8034790577367,1020,4481
0\%,Direct MLP,7,8.454119252013896e-08,0.0017690666863945362,0.00042415637298155577,0.00023864905145940776,22,0,0,45,105.76780477026477,1198,4481
0\%,Residual MLP,7,4.9477214204305095e-09,0.000918574482201102,7.511202058225012e-05,4.151388108540506e-05,22,0,0,45,67.69715484697372,784,4481
0\%,Direct MLP,8,1.604989865264225e-07,0.0023347231657388197,0.0007441795762842121,0.00027530228281173524,22,0,0,45,58.92903619259596,662,4481
0\%,Residual MLP,8,5.103130454163128e-09,0.0007051109888446829,3.958687266311224e-05,3.487486206250858e-05,22,0,0,45,86.48836054513231,967,4481
0\%,Direct MLP,9,1.041541777759447e-07,0.0026020410983191205,0.00046736561827190017,0.00019971918280105644,22,0,0,45,74.36136370105669,852,4481
0\%,Residual MLP,9,4.0577681025435055e-09,0.0008406131220357074,2.201361077945268e-05,2.4297261751968534e-05,22,0,0,45,74.24226019671187,843,4481
0.1\%,Direct MLP,0,7.803842956632223e-08,0.0016730195429660393,0.00027170029345511025,0.0003237836845500386,22,0,0,45,89.80065344972536,1012,4481
0.1\%,Residual MLP,0,1.63121547380102e-08,0.0006726145786290784,0.00011654457863238635,7.948933329755547e-05,22,0,0,45,80.13099285261706,921,4481
0.1\%,Direct MLP,1,1.8407732742526934e-07,0.0027999693992851768,0.0004057518351270723,0.0005332244802913462,22,0,0,45,60.15800118027255,683,4481
0.1\%,Residual MLP,1,1.4161386385623433e-08,0.0007275018376936906,0.00011356679552290631,6.812779626000045e-05,22,0,0,45,67.06825543986633,759,4481
0.1\%,Direct MLP,2,1.2049131345036044e-07,0.001429103667538617,0.0006605646555335712,0.0001314322718273549,22,0,0,45,87.39129325235263,989,4481
0.1\%,Residual MLP,2,2.12159588416138e-08,0.0011613153684238904,0.0002544950106473425,8.655865383056454e-05,22,0,0,45,50.54542961390689,561,4481
0.1\%,Direct MLP,3,1.1116377556740096e-07,0.0030725322842072664,0.00039807520902180254,0.00028099151892832335,22,0,0,45,60.88055906910449,718,4481
0.1\%,Residual MLP,3,1.6577703843299202e-08,0.0010348043784619892,0.00010475155796635506,8.516315257413648e-05,22,0,0,45,66.98724605888128,760,4481
0.1\%,Direct MLP,4,8.951841586400655e-08,0.0017818470929551694,0.0002900782170777531,0.00019771847946084737,22,0,0,45,62.81975858705118,701,4481
0.1\%,Residual MLP,4,4.0346170390642964e-08,0.0009439063464189125,0.00011862713670320385,0.00013371434292234812,22,0,0,45,50.795405958313495,564,4481
0.1\%,Direct MLP,5,1.6467069089944305e-07,0.002100333455501942,0.0005831715770902098,0.0003680183528042077,22,0,0,45,86.68720279121771,970,4481
0.1\%,Residual MLP,5,4.1855772242843156e-08,0.0009138330806227272,0.0001938439126830893,0.00024555870005751326,22,0,0,45,59.080468303058296,679,4481
0.1\%,Direct MLP,6,9.910730475573641e-08,0.001991338987921636,0.0004167828687596575,0.00021495294536333611,22,0,0,45,92.5990081592463,1052,4481
0.1\%,Residual MLP,6,1.1340269334570764e-08,0.000821510225097512,9.57302911577498e-05,8.242793970268084e-05,22,0,0,45,60.23995549278334,692,4481
0.1\%,Direct MLP,7,1.3976156884090082e-07,0.0021647765321866756,0.0006849807418076676,0.00031390075663050173,22,0,0,45,78.33469713199884,867,4481
0.1\%,Residual MLP,7,2.1724584587238497e-08,0.0006447723274326825,7.30893990911172e-05,9.158957710905864e-05,22,0,0,45,59.06260762317106,665,4481
0.1\%,Direct MLP,8,1.5638225260901176e-07,0.0023871406054306946,0.0005312797828383293,0.00033305134246496156,22,0,0,45,57.978770680725574,649,4481
0.1\%,Residual MLP,8,1.8799636101982508e-08,0.00121601222434193,8.170021301446222e-05,0.0001464480766836276,22,0,0,45,65.73719428991899,746,4481
0.1\%,Direct MLP,9,1.6263510909375972e-07,0.0018864544920637655,0.0004999562268107926,0.0003262812015291229,22,0,0,45,58.1972766071558,645,4481
0.1\%,Residual MLP,9,2.1701233104223793e-08,0.0009531094975469575,0.00017493776123996953,0.00015189674065965164,22,0,0,45,56.03143714601174,635,4481
1\%,Direct MLP,0,2.475247131303405e-07,0.005191241912586624,0.0007827532659088298,0.0003521235249719516,22,0,0,45,70.5539660518989,794,4481
1\%,Residual MLP,0,3.8098476226609337e-07,0.003155150628248696,0.0004271349516799441,0.00035064774379086987,22,0,0,45,104.40388043178245,1179,4481
1\%,Direct MLP,1,3.409529488859067e-07,0.004287066142813061,0.0006991584552439435,0.00034017747614636387,22,0,0,45,78.56343321874738,880,4481
1\%,Residual MLP,1,3.3725255646182665e-07,0.002535683168587757,0.0010190757790896597,0.0003387508522337354,22,0,0,45,40.677294198889285,450,4481
1\%,Direct MLP,2,4.1153234059771166e-07,0.0028515621226651608,0.001270085827782615,0.00022516812025634713,22,0,0,45,57.22612946899608,650,4481
1\%,Residual MLP,2,2.860391115587019e-07,0.0022184693087747074,0.0004596433477435201,0.0003875196172036293,22,0,0,45,36.72055283561349,427,4481
1\%,Direct MLP,3,2.7993865122286504e-07,0.005339763583731722,0.0010925417746709717,0.00022245065038819018,22,0,0,45,60.53125997213647,686,4481
1\%,Residual MLP,3,4.4391985692674e-07,0.001644586570230167,0.0005934133030696762,0.00028948154052053335,22,0,0,45,37.99665242899209,428,4481
1\%,Direct MLP,4,1.7676901020845205e-07,0.0022020875549351436,0.0005024112088567358,0.00032942822407132767,22,0,0,45,64.15727883717045,722,4481
1\%,Residual MLP,4,9.478236692936145e-07,0.0028493708674738297,0.0008300455846861195,0.0007142413770635415,22,0,0,45,32.62608136422932,371,4481
1\%,Direct MLP,5,3.4045792950939193e-07,0.002783301925541419,0.0009118250601302483,0.0004712847050523747,22,0,0,45,48.12186532886699,545,4481
1\%,Residual MLP,5,6.606607063160826e-07,0.002863010830774462,0.0009974478853213527,0.0005471428681839511,22,0,0,45,25.513651194050908,291,4481
1\%,Direct MLP,6,1.4543587888315235e-07,0.0018076929255307608,0.0006272784285842498,0.0002647613377593573,22,0,0,45,76.51978698372841,897,4481
1\%,Residual MLP,6,2.4969961077387803e-07,0.0016138812683434316,0.0003123814119692191,0.00028114395232518635,22,0,0,45,29.52454943722114,335,4481
1\%,Direct MLP,7,4.781073951150461e-07,0.006175232267671607,0.000870553536933421,0.00043516719218895537,22,0,0,45,42.09172290377319,465,4481
1\%,Residual MLP,7,5.689861988195647e-07,0.0015890950358715716,0.0006634191061333055,0.0004874196830492098,22,0,0,45,28.345410666894168,325,4481
1\%,Direct MLP,8,2.9357538450853306e-07,0.0033126639615280143,0.000992184279057806,0.00044344889729645625,22,0,0,45,49.865358592011034,558,4481
1\%,Residual MLP,8,2.702814854626005e-07,0.0031934679097836687,0.0003446039136150109,0.000231681075001121,22,0,0,45,51.793237186037004,581,4481
1\%,Direct MLP,9,4.476353349862351e-07,0.0031447593703061594,0.0009795067907345867,0.0006757419545766178,22,0,0,45,44.78948558215052,515,4481
1\%,Residual MLP,9,2.0329747771305638e-07,0.001363299595572163,0.0005693590570882219,0.0003478669592504375,22,0,0,45,45.833214248064905,511,4481
5\%,Direct MLP,0,2.017584441283837e-06,0.009749901001881472,0.0017956636316888523,0.0006736876332979196,22,0,0,45,40.32812034804374,466,4481
5\%,Residual MLP,0,4.220665886996746e-06,0.01687580863415358,0.0021927593890054276,0.0011421469347500175,22,0,0,45,53.41769152786583,611,4481
5\%,Direct MLP,1,2.0995752162390133e-06,0.008898962483178011,0.0020074006847668456,0.0009826025052680906,22,0,0,45,38.82237902889028,453,4481
5\%,Residual MLP,1,3.0107219820794175e-06,0.007452902883098979,0.001081804888207833,0.0006885624072219808,22,0,0,45,19.326034838333726,231,4481
5\%,Direct MLP,2,1.7730386741447375e-06,0.005692959402490474,0.0022512404281796006,0.0006885886616352168,22,0,0,45,40.293421232141554,485,4481
5\%,Residual MLP,2,4.043642305421196e-06,0.007023073719562576,0.001576337834522823,0.001362171033733913,22,0,0,45,24.279551705811173,297,4481
5\%,Direct MLP,3,1.2721145360811026e-06,0.00796779820250604,0.001547462784047345,0.0006029147131994724,22,0,0,45,42.498873428907245,470,4481
5\%,Residual MLP,3,4.5363989750279916e-06,0.008803772264958775,0.001610491170097096,0.0004588281407964079,22,0,0,45,18.248603392858058,207,4481
5\%,Direct MLP,4,1.475297887019967e-06,0.005165073473911873,0.002507500688241852,0.000772425126044333,22,0,0,45,38.954580578021705,463,4481
5\%,Residual MLP,4,3.321213561154113e-05,0.018034228493501395,0.0035966656464809788,0.0029711753529580182,22,0,0,45,13.396022224798799,167,4481
5\%,Direct MLP,5,1.6133163245095795e-06,0.010581597064546316,0.0016839142559198174,0.0008778834487811792,22,0,0,45,46.33751644473523,519,4481
5\%,Residual MLP,5,5.392158309112029e-06,0.008172877603714228,0.002151756733413881,0.001690803846235959,22,0,0,45,21.869091704953462,252,4481
5\%,Direct MLP,6,2.0543439272366777e-06,0.0066691079477452985,0.0025876447481530777,0.0008904044018378323,22,0,0,45,43.006019837688655,484,4481
5\%,Residual MLP,6,6.1492374968441446e-06,0.01122349158193796,0.002629024400481144,0.0013537721541338095,22,0,0,45,20.990886023733765,241,4481
5\%,Direct MLP,7,2.1389649821294177e-06,0.009926644955033405,0.0017759131799771153,0.0007425907484976808,22,0,0,45,57.715853854082525,647,4481
5\%,Residual MLP,7,2.868404198272818e-06,0.006379591267984804,0.0017187043684091148,0.0012901858929651579,22,0,0,45,21.33143801568076,242,4481
5\%,Direct MLP,8,1.3130211521882163e-06,0.0027102573089445646,0.00128154726206589,0.0012648226266990716,22,0,0,45,34.9166620769538,403,4481
5\%,Residual MLP,8,4.38721032527995e-06,0.011672402914429354,0.0020802907195474458,0.0011040209494116414,22,0,0,45,24.152743638958782,287,4481
5\%,Direct MLP,9,2.2504683516524144e-06,0.00584861966361491,0.0022354970841722997,0.0008745899427416129,22,0,0,45,41.20035017095506,457,4481
5\%,Residual MLP,9,4.318677159323941e-06,0.004921012660542592,0.0017911617399859025,0.0017402419885874654,22,0,0,45,22.18342656036839,249,4481
