model,beta,seed,E_traj,E_cross,E_over,E_eq,n_cross,n_cross_fail,n_cross_spurious,n_traj,train_time_s,epochs_run,n_params
"Residual MLP, $\beta=0.0$",0.0,0,2.7849799273669357e-08,0.0005983799704984712,0.00013748340233799006,0.00014062136454748853,22,0,0,45,7.119734240695834,1500,4481
"Residual MLP, $\beta=0.1$",0.1,0,2.1517198811065837e-05,0.004129602092274664,0.003512017144485475,0.0004389917961946605,22,0,0,45,12.137492437381297,1500,4481
"Residual MLP, $\beta=1.0$",1.0,0,0.0005227492301596174,0.5040109168143405,0.04540160992711962,0.011875575130247985,22,2,0,45,1.2075926400721073,152,4481
"Residual MLP, $\beta=0.0$",0.0,1,3.576195211554321e-08,0.0007741048368746992,0.00011923040413541506,0.00010193600912091266,22,0,0,45,6.828726160340011,1500,4481
"Residual MLP, $\beta=0.1$",0.1,1,2.3889044843946337e-05,0.004071309643123361,0.003472404967661463,0.00030410140721433737,22,0,0,45,11.59540368616581,1500,4481
"Residual MLP, $\beta=1.0$",1.0,1,0.000575540348906855,0.5277995801016375,0.04535184402237515,0.004575545269645501,22,2,0,45,1.2127617779187858,152,4481
"Residual MLP, $\beta=0.0$",0.0,2,4.0695720243791116e-08,0.0009826809691710688,0.00013051108651682933,0.00016247825400954595,22,0,0,45,7.093844585120678,1500,4481
"Residual MLP, $\beta=0.1$",0.1,2,4.0138610470344e-05,0.005899485530436477,0.007959184769902948,0.0002660177661104552,22,0,0,45,11.810286942869425,1500,4481
"Residual MLP, $\beta=1.0$",1.0,2,0.0005338566113043188,0.5223399566457783,0.046028556911736226,0.004443867414624345,22,2,0,45,1.1890879683196545,151,4481
"Residual MLP, $\beta=0.0$",0.0,3,3.152309113961501e-08,0.0008003630542967505,0.00014491151946441287,0.0001601489894527772,22,0,0,45,6.696512731257826,1500,4481
"Residual MLP, $\beta=0.1$",0.1,3,3.8058355275907076e-05,0.2254444294478829,0.004433016947452486,0.00012517753181705437,22,1,0,45,11.653835691977292,1500,4481
"Residual MLP, $\beta=1.0$",1.0,3,0.0005140590659499914,0.5030442080330777,0.047948529643848686,0.007580276506007443,22,2,0,45,1.186733363661915,152,4481
"Residual MLP, $\beta=0.0$",0.0,4,3.8969381849798876e-08,0.0008871086773629625,0.00012640222641418199,0.00010757637080106698,22,0,0,45,6.626409645192325,1500,4481
"Residual MLP, $\beta=0.1$",0.1,4,3.1475355820450143e-05,0.007663891278700003,0.0040804108462241025,0.00032736265230254427,22,0,0,45,10.519259234890342,1500,4481
"Residual MLP, $\beta=1.0$",1.0,4,0.0005768443384152804,0.5046686229070088,0.04454841314723274,0.009190475847802028,22,2,0,45,1.073461475316435,152,4481
"Residual MLP, $\beta=0.0$",0.0,5,4.174028666118677e-08,0.0009693499269857269,0.00021856711824162428,0.00013068569837483402,22,0,0,45,6.408683971036226,1500,4481
"Residual MLP, $\beta=0.1$",0.1,5,2.7108164590207415e-05,0.00419140063126345,0.003470995488139852,0.00016438322503717413,22,0,0,45,11.816048129927367,1500,4481
"Residual MLP, $\beta=1.0$",1.0,5,0.0005854461234404917,0.5082060449183659,0.046916615743880535,0.003097655213529925,22,2,0,45,1.2059442736208439,151,4481
"Residual MLP, $\beta=0.0$",0.0,6,4.8274244183443233e-08,0.0007057978945552365,0.00016993830112178957,0.00014144806804643965,22,0,0,45,7.112059584353119,1500,4481
"Residual MLP, $\beta=0.1$",0.1,6,3.5346270234305334e-05,0.00509681307962341,0.005443111165774781,0.0001445137501373317,22,0,0,45,11.968038612045348,1500,4481
"Residual MLP, $\beta=1.0$",1.0,6,0.0005618134785943207,0.5236510068634647,0.044425528850709224,0.0030053061723794134,22,2,0,45,1.2051412058062851,151,4481
"Residual MLP, $\beta=0.0$",0.0,7,2.803483363914559e-08,0.0007525834682874831,0.00013322949678789737,9.145618497808804e-05,22,0,0,45,7.082354963757098,1500,4481
"Residual MLP, $\beta=0.1$",0.1,7,2.821778640123746e-05,0.0044677071656796016,0.003846529982556928,0.0003376465023948209,22,0,0,45,11.597642342094332,1500,4481
"Residual MLP, $\beta=1.0$",1.0,7,0.0005077603848141777,0.5037701655817908,0.0459443539278724,0.00987786041611496,22,2,0,45,1.0720315468497574,152,4481
"Residual MLP, $\beta=0.0$",0.0,8,2.4742102059954494e-08,0.0009524641773306478,8.211150982793866e-05,0.00010072886388989843,22,0,0,45,6.421628085896373,1500,4481
"Residual MLP, $\beta=0.1$",0.1,8,2.2957370523935827e-05,0.0048630155182289615,0.0026836446441989015,0.0002586115848691802,22,0,0,45,11.548975280020386,1500,4481
"Residual MLP, $\beta=1.0$",1.0,8,0.0005051536902597548,0.5013427552069993,0.04454874428414816,0.011148704174908758,22,2,0,45,1.2175670759752393,152,4481
"Residual MLP, $\beta=0.0$",0.0,9,3.516764289578484e-08,0.0007521166037355712,0.00011462968176392745,8.799276125608873e-05,22,0,0,45,7.077164511196315,1500,4481
"Residual MLP, $\beta=0.1$",0.1,9,2.773184039687465e-05,0.00580487601464105,0.0039966441664875604,0.0005146347921324118,22,0,0,45,11.76831952901557,1500,4481
"Residual MLP, $\beta=1.0$",1.0,9,0.0005792466445003468,0.5047640995341349,0.05005894467867263,0.00514073157060535,22,2,0,45,1.1941966284066439,151,4481
