regime,seed,E_traj,E_cross,E_over,E_eq,n_cross,n_cross_fail,n_cross_spurious,n_traj,train_time_s
Interpolation,0,1.2467721922729808e-08,0.00036745265480263626,7.682147733330227e-05,5.993356380322229e-05,34,0,0,90,52.72445003595203
Low-$u_{0}$ extrapolation,0,6.955689091174837e-06,0.005004499080267637,7.345413757351242e-05,8.670733471147774e-05,120,0,0,120,52.72445003595203
High-$u_{0}$ extrapolation,0,1.0257772944811096e-06,,0.0004883211735324467,9.206438599895228e-05,0,0,0,120,52.72445003595203
High-$\varepsilon$ extrapolation,0,1.4758868762995936e-06,0.001702578108525743,0.0019063448640761482,0.0019808575503976003,39,0,0,120,52.72445003595203
Interpolation,1,7.344807256309265e-09,0.000399926931392916,0.0001047364302452225,4.796158647756658e-05,34,0,0,90,56.66627840185538
Low-$u_{0}$ extrapolation,1,6.8603151725618105e-06,0.006920056404868719,0.0001344468545614615,0.00011916788001293625,120,0,0,120,56.66627840185538
High-$u_{0}$ extrapolation,1,6.268774771478547e-07,,0.0001733161170358007,0.0003411320545738579,0,0,0,120,56.66627840185538
High-$\varepsilon$ extrapolation,1,4.425535766996094e-06,0.004448345967796752,0.00277116460463675,0.0014595270399106982,39,0,0,120,56.66627840185538
Interpolation,2,2.5505429928511766e-09,0.00026641145723418425,4.08633550936097e-05,3.712845416703223e-05,34,0,0,90,102.88796787010506
Low-$u_{0}$ extrapolation,2,4.846454298338127e-06,0.004409339240526296,0.00010091757540168777,0.00010735776085297373,120,0,0,120,102.88796787010506
High-$u_{0}$ extrapolation,2,3.486423633619527e-07,,0.0004783052254495194,0.00010941909260000122,0,0,0,120,102.88796787010506
High-$\varepsilon$ extrapolation,2,7.0629463866016205e-06,0.004429754365417319,0.0019909814527153697,0.00291529591473792,39,0,0,120,102.88796787010506
Interpolation,3,1.0872700579921358e-08,0.00034492193555202847,0.0001051518337763957,8.072808090537157e-05,34,0,0,90,46.03564767586067
Low-$u_{0}$ extrapolation,3,6.871749889724599e-06,0.005186835510953819,0.0003140706053316659,0.0002986475153301841,120,0,0,120,46.03564767586067
High-$u_{0}$ extrapolation,3,1.1395960192941683e-06,,0.00023173131914906443,0.0002553700580588699,0,0,0,120,46.03564767586067
High-$\varepsilon$ extrapolation,3,7.861653108157124e-07,0.003003204413747341,0.0010523713275434757,0.0010917976291588527,39,0,0,120,46.03564767586067
Interpolation,4,1.5096798758767463e-08,0.00041554105874654567,0.00016588011205121372,0.00010863822667660876,34,0,0,90,40.47385098179802
Low-$u_{0}$ extrapolation,4,9.114165781539593e-06,0.008322367360390583,0.0001029994070852099,0.00011697826072877097,120,0,0,120,40.47385098179802
High-$u_{0}$ extrapolation,4,2.685545383260273e-06,,0.0014091603297224327,0.00039133445022903425,0,0,0,120,40.47385098179802
High-$\varepsilon$ extrapolation,4,2.763781506612783e-06,0.003928496700885153,0.0015228735803828164,0.0015489002672754307,39,0,0,120,40.47385098179802
Interpolation,5,5.191415316531594e-09,0.0003657987307572085,6.743230238929323e-05,2.5294256086799077e-05,34,0,0,90,70.63690363336354
Low-$u_{0}$ extrapolation,5,5.534319508508386e-06,0.006847514756249599,5.769253942331705e-05,7.183329235837902e-05,120,0,0,120,70.63690363336354
High-$u_{0}$ extrapolation,5,1.2545277174120522e-06,,0.0003606672016116197,0.00030732496516397054,0,0,0,120,70.63690363336354
High-$\varepsilon$ extrapolation,5,1.2415793960490845e-05,0.004757088579896123,0.002108080396227274,0.0031932381857247023,39,0,0,120,70.63690363336354
Interpolation,6,7.525419778528497e-09,0.00023334327034665544,6.34700806944376e-05,5.426418975113349e-05,34,0,0,90,62.777989271096885
Low-$u_{0}$ extrapolation,6,5.988925700919418e-06,0.005505352089500718,8.456185017014506e-05,6.936150713202638e-05,120,0,0,120,62.777989271096885
High-$u_{0}$ extrapolation,6,2.6574641134928924e-06,,0.00025222465168957356,0.00031786962544569917,0,0,0,120,62.777989271096885
High-$\varepsilon$ extrapolation,6,6.830089968648355e-06,0.00362750465330106,0.0018116553293276198,0.003036233028525981,39,0,0,120,62.777989271096885
Interpolation,7,6.0919050684428326e-09,0.0003035281033942227,5.586602447737023e-05,4.7635466962941344e-05,34,0,0,90,57.08757856208831
Low-$u_{0}$ extrapolation,7,6.021380538270662e-06,0.0052281340817109685,8.911353025519153e-05,0.00010390637599993479,120,0,0,120,57.08757856208831
High-$u_{0}$ extrapolation,7,1.012038052627245e-06,,0.00037319636443407706,0.0003906830091270833,0,0,0,120,57.08757856208831
High-$\varepsilon$ extrapolation,7,3.460170620534646e-06,0.0007693246275659657,0.0014470251207819806,0.0021077567357465745,39,0,0,120,57.08757856208831
Interpolation,8,6.2329867508783345e-09,0.00041591704590304945,5.5725057873501346e-05,3.739978552943995e-05,34,0,0,90,49.93632464809343
Low-$u_{0}$ extrapolation,8,7.012510408943357e-06,0.004467727459137896,5.132135584509275e-05,6.286950336283532e-05,120,0,0,120,49.93632464809343
High-$u_{0}$ extrapolation,8,9.020517036795714e-07,,0.0002547727107534592,0.00014465267274032522,0,0,0,120,49.93632464809343
High-$\varepsilon$ extrapolation,8,4.621536384209941e-06,0.003552682333990397,0.0016183841769560373,0.0023566201653121214,39,0,0,120,49.93632464809343
Interpolation,9,5.798847327402157e-09,0.0002739062957237039,6.831870390900077e-05,4.904064131749437e-05,34,0,0,90,75.08692123787478
Low-$u_{0}$ extrapolation,9,6.048713160003111e-06,0.004016335625920079,9.994241868446034e-05,0.00013598935094661925,120,0,0,120,75.08692123787478
High-$u_{0}$ extrapolation,9,6.425949898105542e-07,,0.0005528068767204612,0.000235614136923847,0,0,0,120,75.08692123787478
High-$\varepsilon$ extrapolation,9,1.1453211333447824e-05,0.004592254485206984,0.0026034173230506403,0.0033695663069009158,39,0,0,120,75.08692123787478
