variant,seed,E_traj,E_cross,E_over,E_eq,n_cross,n_cross_fail,n_cross_spurious,n_traj,train_time_s
Small MLP $(32)$,0,3.52218000906145e-06,0.011446905937723535,0.002861352504980943,0.0016156024286053598,34,0,0,90,77.19818922271952
Small MLP $(32)$,1,3.3179263743545678e-06,0.009836569567778446,0.0025640295373253914,0.0012513641279786824,34,0,0,90,80.1101509956643
Small MLP $(32)$,2,3.650980042295558e-06,0.011098983279824311,0.002800039809319076,0.0011792506526135357,34,0,0,90,65.7340627675876
Small MLP $(32)$,3,2.0927335651556804e-06,0.009039182947074524,0.001798022772259659,0.00102621689182536,34,0,0,90,101.27046769717708
Small MLP $(32)$,4,2.070755723107396e-06,0.009084544383243772,0.002471900947506442,0.0006737056575385728,34,0,0,90,76.31392897991464
Small MLP $(32)$,5,2.4851685427844444e-06,0.009335013522414268,0.0020913587078423613,0.0012083854127274997,34,0,0,90,96.94926516199484
Small MLP $(32)$,6,2.199726031874856e-06,0.009091129723798245,0.0019299345331095106,0.0006486953370726529,34,0,0,90,117.96114837471396
Small MLP $(32)$,7,1.912335061208741e-06,0.0074749602678103435,0.0019449307560468058,0.0009760480887185076,34,0,0,90,103.24582989513874
Small MLP $(32)$,8,1.8376782827858028e-06,0.008642834704883267,0.0017455333811037057,0.0007212750014884885,34,0,0,90,100.97600064286962
Small MLP $(32)$,9,2.404049102567724e-06,0.009772925358081231,0.0022082016020486452,0.0007214409744409542,34,0,0,90,70.93782255006954
"Medium MLP $(64,64)$",0,2.474365176381008e-07,0.0030584337686649604,0.0008266934343903811,0.00036142628664814026,34,0,0,90,38.70117082586512
"Medium MLP $(64,64)$",1,2.1345826113132928e-07,0.0025090979065274417,0.0008539493579096632,0.00021616141988244723,34,0,0,90,38.36861355183646
"Medium MLP $(64,64)$",2,1.4724337750655732e-07,0.0026575240117050576,0.0004967743119851425,0.00018191180480782413,34,0,0,90,46.65494260704145
"Medium MLP $(64,64)$",3,1.0398747168222928e-07,0.0012740362104748226,0.0005153926717352572,0.00024960010974343206,34,0,0,90,50.16167323105037
"Medium MLP $(64,64)$",4,2.0328175538198893e-07,0.002182166098097227,0.0007578261979245197,0.0004409717816467509,34,0,0,90,46.00771625712514
"Medium MLP $(64,64)$",5,1.6532513640453544e-07,0.0020036148461432812,0.0005051669533360595,0.00036168567528040493,34,0,0,90,40.92106345389038
"Medium MLP $(64,64)$",6,1.5407169048909632e-07,0.0013574982266480772,0.0005395235980739902,0.0004003789928503328,34,0,0,90,62.03429184388369
"Medium MLP $(64,64)$",7,1.781107495658751e-07,0.0030503621283528527,0.00039251573102435283,0.0003062413575326057,34,0,0,90,51.61963424971327
"Medium MLP $(64,64)$",8,1.7762090525080436e-07,0.0014457938281311918,0.00047971168338146124,0.0004850532060807532,34,0,0,90,45.10964297130704
"Medium MLP $(64,64)$",9,1.5758843444334468e-07,0.0021756187732311287,0.0004711994271510737,0.00022998612792845603,34,0,0,90,53.40559639316052
"Residual MLP $(64,64)$",0,2.3963031323002357e-08,0.0003436898098838311,8.38991549766731e-05,6.64767645069533e-05,34,0,0,90,32.68200734863058
"Residual MLP $(64,64)$",1,5.372446411860098e-09,0.00026823310198979865,4.9337429560569744e-05,3.0366157427046897e-05,34,0,0,90,73.10924649471417
"Residual MLP $(64,64)$",2,3.925821679229955e-09,0.00018173827818749092,4.029220156950903e-05,2.6733622012282192e-05,34,0,0,90,82.96425626706332
"Residual MLP $(64,64)$",3,3.7064471793850744e-09,0.00026705576568434284,5.44059597270848e-05,4.1044254886880694e-05,34,0,0,90,73.85664958460256
"Residual MLP $(64,64)$",4,3.292860572295703e-09,0.00031619551170075644,5.1605108052512865e-05,3.727310095718275e-05,34,0,0,90,84.97222689306363
"Residual MLP $(64,64)$",5,1.2467721922729808e-08,0.00036745265480263626,7.682147733330227e-05,5.993356380322229e-05,34,0,0,90,52.61721940198913
"Residual MLP $(64,64)$",6,7.344807256309265e-09,0.000399926931392916,0.0001047364302452225,4.796158647756658e-05,34,0,0,90,56.16543698403984
"Residual MLP $(64,64)$",7,2.5505429928511766e-09,0.00026641145723418425,4.08633550936097e-05,3.712845416703223e-05,34,0,0,90,102.89710949081928
"Residual MLP $(64,64)$",8,1.0872700579921358e-08,0.00034492193555202847,0.0001051518337763957,8.072808090537157e-05,34,0,0,90,46.041212337091565
"Residual MLP $(64,64)$",9,1.5096798758767463e-08,0.00041554105874654567,0.00016588011205121372,0.00010863822667660876,34,0,0,90,40.34358239965513
"Large MLP $(128,128)$",0,1.2712505634087543e-07,0.0015931374910806762,0.0004619619591772089,0.00018788948324414257,34,0,0,90,188.67622949788347
"Large MLP $(128,128)$",1,1.6379404312814e-07,0.0022364899746143145,0.0007506506158716114,0.0003007807572537269,34,0,0,90,154.20970030175522
"Large MLP $(128,128)$",2,1.3123780051819664e-07,0.0016482596803588379,0.00043602262677088345,0.00028096012533679695,34,0,0,90,186.85442632902414
"Large MLP $(128,128)$",3,3.086324565996657e-07,0.001393889293696644,0.0005379118051836255,0.00044159449267001043,34,0,0,90,100.81441347813234
"Large MLP $(128,128)$",4,1.4714228223191804e-07,0.0018499469918730439,0.0006962434135495811,0.00033919855877566135,34,0,0,90,155.85111262695864
"Large MLP $(128,128)$",5,1.6020956619671715e-07,0.0015656769178282782,0.0006449949868430011,0.000286456113719718,34,0,0,90,162.88407064927742
"Large MLP $(128,128)$",6,1.8044505521323047e-07,0.0023009406886874695,0.0008167735841548223,0.00040869782748118586,34,0,0,90,210.33767134603113
"Large MLP $(128,128)$",7,1.1621499286605628e-07,0.0019583826762704258,0.0004065569018905436,0.00038519466567728223,34,0,0,90,158.98152746912092
"Large MLP $(128,128)$",8,1.0266114018407241e-07,0.0012587800779815092,0.0003980759996911301,0.00018516810528101946,34,0,0,90,149.6665180819109
"Large MLP $(128,128)$",9,1.3050478068718246e-07,0.0015366437190453533,0.0005636070969151641,0.00019906556957263423,34,0,0,90,194.22540353098884
Medium MLP w/o input scaling,0,9.821329706520531e-08,0.0021139566892894347,0.0005202088806919179,0.00012064316286212802,34,0,0,90,59.80515485629439
Medium MLP w/o input scaling,1,5.0888971106641316e-08,0.0016896269246286122,0.0003322477418033598,5.78074935338593e-05,34,0,0,90,61.84488198067993
Medium MLP w/o input scaling,2,6.213374819392506e-08,0.0014478391792462496,0.00043378032791919146,0.0001497407545426155,34,0,0,90,78.85759531706572
Medium MLP w/o input scaling,3,8.697387845116366e-08,0.0019278104465968327,0.0004171297702276903,0.00019667906045767056,34,0,0,90,71.20624159509316
Medium MLP w/o input scaling,4,9.555982096783145e-08,0.00206789759578222,0.000603725430137773,0.0001997339738244995,34,0,0,90,60.922974759712815
Medium MLP w/o input scaling,5,5.631906009442784e-08,0.001323911818002972,0.0005804576742058673,0.0003037353893736667,34,0,0,90,75.29580756090581
Medium MLP w/o input scaling,6,1.0549748387435527e-07,0.002124553675622528,0.000661496650802736,0.0002178720953551785,34,0,0,90,45.55556401703507
Medium MLP w/o input scaling,7,1.4549951617205658e-07,0.0026319830612648136,0.0006490987551264476,0.00019939650948368223,34,0,0,90,55.72254508314654
Medium MLP w/o input scaling,8,1.1162881644910307e-07,0.0017739943751414443,0.0007530128690457808,0.00013014374062253847,34,0,0,90,56.32268594717607
Medium MLP w/o input scaling,9,7.220173843614351e-08,0.0016831439976025607,0.00045379311485441105,0.00014504246970888307,34,0,0,90,72.83689719391987
Medium MLP w/o target scaling,0,1.4269017166761732e-06,0.004748589414716548,0.0024190298196595547,0.0006407324406628945,34,0,0,90,44.52866790164262
Medium MLP w/o target scaling,1,1.2047411025800786e-06,0.003622752327386525,0.0016424941684875676,0.0008016354724916969,34,0,0,90,71.15882833581418
Medium MLP w/o target scaling,2,1.4985076852751366e-06,0.006362533915398981,0.0024023840758686625,0.0008914846643598676,34,0,0,90,54.70849477825686
Medium MLP w/o target scaling,3,1.2019558235316394e-06,0.008009136899170308,0.0026798369547453775,0.0009238829998378056,34,0,0,90,61.07810450717807
Medium MLP w/o target scaling,4,1.0126629799509185e-06,0.00523805730526893,0.001278716411312993,0.00044074046928114846,34,0,0,90,72.92278086720034
Medium MLP w/o target scaling,5,9.922127143375189e-07,0.0052117993192471275,0.0017378910797672213,0.0004943529495188972,34,0,0,90,82.13207909511402
Medium MLP w/o target scaling,6,2.195270722115412e-06,0.008021197233595912,0.0023769703035310488,0.0012617726542967099,34,0,0,90,54.40442872000858
Medium MLP w/o target scaling,7,5.055772453161106e-06,0.013721449290248445,0.004586240964866294,0.0029207197234472834,34,0,0,90,45.23421615269035
Medium MLP w/o target scaling,8,1.7760534075915342e-06,0.006227541595662705,0.0009982162043366265,0.0003637742952603625,34,0,0,90,52.51047685928643
Medium MLP w/o target scaling,9,4.327587747286259e-06,0.009642123592538174,0.004064534131444884,0.0022073762696914597,34,0,0,90,42.755208695307374
