eps_range,model,E_traj_mean,E_traj_ci,E_traj_n,E_cross_mean,E_cross_ci,E_cross_n,E_over_mean,E_over_ci,E_over_n,E_eq_mean,E_eq_ci,E_eq_n,n_cross_total,n_cross_per_seed,n_cross_fail_total,n_cross_fail_per_seed,n_cross_spurious_total,n_cross_spurious_per_seed,train_time_s_mean
$\varepsilon = 0$ (exact),Direct MLP,1.0332442664151655e-06,2.0277266752668918e-07,10,,,0,0.0014582769094991844,0.00027740848922109824,10,0.0018061976146011183,0.00038601130444280524,10,0,0.0,0,0.0,418,41.8,77.38131242273376
$\varepsilon = 0$ (exact),Residual MLP,0.0,0.0,10,,,0,0.0,0.0,10,2.552501832969271e-05,0.0,10,0,0.0,0,0.0,0,0.0,85.3262639561668
"[0.01, 0.1]",Direct MLP,1.2936538465537844e-07,3.1221461403302856e-08,10,0.005545934712400608,0.0014525978310812831,10,0.00043699085989094,9.279947851224201e-05,10,0.000396916642270051,0.00010919229244644542,10,40,4.0,0,0.0,0,0.0,77.38131242273376
"[0.01, 0.1]",Residual MLP,1.7573483276025598e-10,5.671967848445483e-11,10,0.0007927288584119091,9.864890688897019e-05,10,9.642975822915511e-06,2.9492636953796584e-06,10,2.133421105373623e-05,3.5330213282640267e-06,10,40,4.0,0,0.0,0,0.0,85.3262639561668
"[0.1, 0.3]",Direct MLP,1.202400328240731e-07,3.1241848745254845e-08,10,0.0022242634461818378,0.0007023057213121658,10,0.00030586271100010965,0.00010397717741284079,10,0.00018384564068360827,5.0342135440051224e-05,10,90,9.0,0,0.0,0,0.0,77.38131242273376
"[0.1, 0.3]",Residual MLP,2.803562906848925e-09,7.364424790996608e-10,10,0.0007664612949946266,5.341106209983383e-05,10,2.8016792804493933e-05,9.24018226862838e-06,10,2.13967662684353e-05,3.376691337281456e-06,10,90,9.0,0,0.0,0,0.0,85.3262639561668
"[0.3, 0.5]",Direct MLP,1.3138258262695692e-07,3.140037214483689e-08,10,0.0012848657320040208,0.00035516044763827745,10,0.0006004521536843988,0.00014200970267041696,10,0.00023872194047910633,5.583952396039928e-05,10,90,9.0,0,0.0,0,0.0,77.38131242273376
"[0.3, 0.5]",Residual MLP,8.283658981838668e-09,2.0151301708828507e-09,10,0.0008556198385514224,9.440370984882089e-05,10,9.292342385812113e-05,4.463888902881163e-05,10,7.611950853231297e-05,2.372316264980292e-05,10,90,9.0,0,0.0,0,0.0,85.3262639561668
"[0.5, 1.0] (OOD)",Direct MLP,0.0011030329230918112,0.0004298608823194258,10,0.10734655186801179,0.05014925284827679,10,0.02329147127392748,0.00884835567228307,10,0.030137066202761253,0.004902067303670877,10,370,37.0,6,0.6,1,0.1,77.38131242273376
"[0.5, 1.0] (OOD)",Residual MLP,0.00020766593981338168,3.595999529209629e-05,10,0.062243858862953236,0.05114710796579296,10,0.010045007012970482,0.0018894074954011442,10,0.013211258368052509,0.0007100866978892916,10,370,37.0,4,0.4,0,0.0,85.3262639561668
